Spotify URI,Voter ID,Created,Points Assigned,Comment,Round ID
spotify:track:59VRFpPnC8pOhIH2WCWXF9,95f0f3d2f6e84e54b527a9847c90935c,2024-04-05T09:15:19Z,2,,c2bb8e85c052406094a6bbaf40d7131d
spotify:track:5k3U0OGYBccHdKJJu3HrUN,95f0f3d2f6e84e54b527a9847c90935c,2024-04-05T09:15:19Z,2,,c2bb8e85c052406094a6bbaf40d7131d
spotify:track:6Jv7kjGkhY2fT4yuBF3aTz,95f0f3d2f6e84e54b527a9847c90935c,2024-04-05T09:15:19Z,2,,c2bb8e85c052406094a6bbaf40d7131d
spotify:track:3x4skRSE10kW3hIpAQjtWY,f0bffd950ed749d2b6ad93422db32028,2024-04-05T09:24:46Z,2,cool one! :),c2bb8e85c052406094a6bbaf40d7131d
spotify:track:6L89mwZXSOwYl76YXfX13s,f0bffd950ed749d2b6ad93422db32028,2024-04-05T09:24:46Z,1,childhood memory unlocked!,c2bb8e85c052406094a6bbaf40d7131d
spotify:track:5qYgHPz9BgMnuIbAFRrZiD,f0bffd950ed749d2b6ad93422db32028,2024-04-05T09:24:46Z,2,Nice classic!,c2bb8e85c052406094a6bbaf40d7131d
spotify:track:3dmqIB2Qxe2XZobw9gXxJ6,f0bffd950ed749d2b6ad93422db32028,2024-04-05T09:24:46Z,1,A nice classic! ,c2bb8e85c052406094a6bbaf40d7131d
spotify:track:6L89mwZXSOwYl76YXfX13s,65f3353a17ee4d3093d42837d3a84e21,2024-04-05T09:30:48Z,1,,c2bb8e85c052406094a6bbaf40d7131d
spotify:track:2AP7m2dBb8ULTx4Gc1rdMc,65f3353a17ee4d3093d42837d3a84e21,2024-04-05T09:30:48Z,1,,c2bb8e85c052406094a6bbaf40d7131d
spotify:track:2Jb5Qyy37fdGOTJ6iPYq1y,65f3353a17ee4d3093d42837d3a84e21,2024-04-05T09:30:48Z,2,,c2bb8e85c052406094a6bbaf40d7131d
spotify:track:3x4skRSE10kW3hIpAQjtWY,65f3353a17ee4d3093d42837d3a84e21,2024-04-05T09:30:48Z,2,,c2bb8e85c052406094a6bbaf40d7131d
spotify:track:3dmqIB2Qxe2XZobw9gXxJ6,441377a4cd194279803e5145568346ed,2024-04-05T09:48:03Z,1,,c2bb8e85c052406094a6bbaf40d7131d
spotify:track:5qYgHPz9BgMnuIbAFRrZiD,441377a4cd194279803e5145568346ed,2024-04-05T09:48:03Z,3,,c2bb8e85c052406094a6bbaf40d7131d
spotify:track:2Jb5Qyy37fdGOTJ6iPYq1y,441377a4cd194279803e5145568346ed,2024-04-05T09:48:03Z,2,,c2bb8e85c052406094a6bbaf40d7131d
spotify:track:5qYgHPz9BgMnuIbAFRrZiD,8fc1dc71014e405da1c76d2fc096a6d6,2024-04-05T10:05:16Z,1,I jam every time this comes on,c2bb8e85c052406094a6bbaf40d7131d
spotify:track:2AP7m2dBb8ULTx4Gc1rdMc,8fc1dc71014e405da1c76d2fc096a6d6,2024-04-05T10:05:16Z,2,Love me some Biggie,c2bb8e85c052406094a6bbaf40d7131d
spotify:track:5k3U0OGYBccHdKJJu3HrUN,8fc1dc71014e405da1c76d2fc096a6d6,2024-04-05T10:05:16Z,1,"I listened to this movies tracks over and over again on a mobile cassette tape player, height of my coolness right there.",c2bb8e85c052406094a6bbaf40d7131d
spotify:track:6L89mwZXSOwYl76YXfX13s,8fc1dc71014e405da1c76d2fc096a6d6,2024-04-05T10:05:16Z,2,"Skateboarding and playing Green Day on the guitar, that was me in high school…",c2bb8e85c052406094a6bbaf40d7131d
spotify:track:3x4skRSE10kW3hIpAQjtWY,0832db62ced3425bbe7aa7c1cf79c225,2024-04-05T10:12:44Z,2,,c2bb8e85c052406094a6bbaf40d7131d
spotify:track:5qYgHPz9BgMnuIbAFRrZiD,0832db62ced3425bbe7aa7c1cf79c225,2024-04-05T10:12:44Z,1,,c2bb8e85c052406094a6bbaf40d7131d
spotify:track:2Jb5Qyy37fdGOTJ6iPYq1y,0832db62ced3425bbe7aa7c1cf79c225,2024-04-05T10:12:44Z,1,,c2bb8e85c052406094a6bbaf40d7131d
spotify:track:2RcbRwAFUxaiO3rszuEqsz,0832db62ced3425bbe7aa7c1cf79c225,2024-04-05T10:12:44Z,2,,c2bb8e85c052406094a6bbaf40d7131d
spotify:track:59VRFpPnC8pOhIH2WCWXF9,58a07428ceb746e1ab2bb8a1c1bce7fe,2024-04-05T10:16:56Z,0,I only listened to a minute of this but even that was way too long,c2bb8e85c052406094a6bbaf40d7131d
spotify:track:6L89mwZXSOwYl76YXfX13s,58a07428ceb746e1ab2bb8a1c1bce7fe,2024-04-05T10:16:56Z,1,,c2bb8e85c052406094a6bbaf40d7131d
spotify:track:6Jv7kjGkhY2fT4yuBF3aTz,58a07428ceb746e1ab2bb8a1c1bce7fe,2024-04-05T10:16:56Z,2,,c2bb8e85c052406094a6bbaf40d7131d
spotify:track:3dmqIB2Qxe2XZobw9gXxJ6,58a07428ceb746e1ab2bb8a1c1bce7fe,2024-04-05T10:16:56Z,3,,c2bb8e85c052406094a6bbaf40d7131d
spotify:track:6L89mwZXSOwYl76YXfX13s,77ce1c43fa95404985614bfa98bf49d0,2024-04-05T10:48:43Z,1,,c2bb8e85c052406094a6bbaf40d7131d
spotify:track:2AP7m2dBb8ULTx4Gc1rdMc,77ce1c43fa95404985614bfa98bf49d0,2024-04-05T10:48:43Z,3,,c2bb8e85c052406094a6bbaf40d7131d
spotify:track:5qYgHPz9BgMnuIbAFRrZiD,77ce1c43fa95404985614bfa98bf49d0,2024-04-05T10:48:43Z,2,,c2bb8e85c052406094a6bbaf40d7131d
spotify:track:3S0qbTEVB5vyb5qCsGPKpv,9bb5de166c84417f9eac1ab83cde51a3,2024-04-05T10:54:26Z,1,,c2bb8e85c052406094a6bbaf40d7131d
spotify:track:6L89mwZXSOwYl76YXfX13s,9bb5de166c84417f9eac1ab83cde51a3,2024-04-05T10:54:26Z,3,,c2bb8e85c052406094a6bbaf40d7131d
spotify:track:59VRFpPnC8pOhIH2WCWXF9,9bb5de166c84417f9eac1ab83cde51a3,2024-04-05T10:54:26Z,2,,c2bb8e85c052406094a6bbaf40d7131d
spotify:track:3dmqIB2Qxe2XZobw9gXxJ6,69e086bfb8724df7b39c6ee8f95e34e2,2024-04-05T11:02:03Z,1,,c2bb8e85c052406094a6bbaf40d7131d
spotify:track:6L89mwZXSOwYl76YXfX13s,69e086bfb8724df7b39c6ee8f95e34e2,2024-04-05T11:02:03Z,2,,c2bb8e85c052406094a6bbaf40d7131d
spotify:track:59VRFpPnC8pOhIH2WCWXF9,69e086bfb8724df7b39c6ee8f95e34e2,2024-04-05T11:02:03Z,3,,c2bb8e85c052406094a6bbaf40d7131d
spotify:track:3x4skRSE10kW3hIpAQjtWY,3ad213877e564daa9030cedc60152a12,2024-04-05T11:18:13Z,2,,c2bb8e85c052406094a6bbaf40d7131d
spotify:track:2RcbRwAFUxaiO3rszuEqsz,3ad213877e564daa9030cedc60152a12,2024-04-05T11:18:13Z,1,,c2bb8e85c052406094a6bbaf40d7131d
spotify:track:2AP7m2dBb8ULTx4Gc1rdMc,3ad213877e564daa9030cedc60152a12,2024-04-05T11:18:13Z,3,,c2bb8e85c052406094a6bbaf40d7131d
spotify:track:0Q0IVlqMV64kNLlwjPj0Hl,65f3353a17ee4d3093d42837d3a84e21,2024-04-09T14:53:53Z,3,,4b06841e62d14044b58c15674af435d1
spotify:track:3JOVTQ5h8HGFnDdp4VT3MP,65f3353a17ee4d3093d42837d3a84e21,2024-04-09T14:53:53Z,1,,4b06841e62d14044b58c15674af435d1
spotify:track:7DJI0fg4dzBJk31sEmn6Zk,65f3353a17ee4d3093d42837d3a84e21,2024-04-09T14:53:53Z,2,,4b06841e62d14044b58c15674af435d1
spotify:track:0Q0IVlqMV64kNLlwjPj0Hl,f0bffd950ed749d2b6ad93422db32028,2024-04-09T14:58:20Z,1,,4b06841e62d14044b58c15674af435d1
spotify:track:2aoo2jlRnM3A0NyLQqMN2f,f0bffd950ed749d2b6ad93422db32028,2024-04-09T14:58:20Z,3,,4b06841e62d14044b58c15674af435d1
spotify:track:5rpRzNcJZqKQXk9PIjreB6,f0bffd950ed749d2b6ad93422db32028,2024-04-09T14:58:20Z,2,,4b06841e62d14044b58c15674af435d1
spotify:track:2aoo2jlRnM3A0NyLQqMN2f,0832db62ced3425bbe7aa7c1cf79c225,2024-04-09T15:22:57Z,1,,4b06841e62d14044b58c15674af435d1
spotify:track:4y1LsJpmMti1PfRQV9AWWe,0832db62ced3425bbe7aa7c1cf79c225,2024-04-09T15:22:57Z,3,,4b06841e62d14044b58c15674af435d1
spotify:track:5rpRzNcJZqKQXk9PIjreB6,0832db62ced3425bbe7aa7c1cf79c225,2024-04-09T15:22:57Z,2,,4b06841e62d14044b58c15674af435d1
spotify:track:0Q0IVlqMV64kNLlwjPj0Hl,3ad213877e564daa9030cedc60152a12,2024-04-09T15:24:42Z,3,banger ,4b06841e62d14044b58c15674af435d1
spotify:track:3EbDhD4PG1D0mYp4s5ygHg,3ad213877e564daa9030cedc60152a12,2024-04-09T15:24:42Z,1,,4b06841e62d14044b58c15674af435d1
spotify:track:7DJI0fg4dzBJk31sEmn6Zk,3ad213877e564daa9030cedc60152a12,2024-04-09T15:24:42Z,2,,4b06841e62d14044b58c15674af435d1
spotify:track:2aoo2jlRnM3A0NyLQqMN2f,441377a4cd194279803e5145568346ed,2024-04-09T15:43:54Z,2,,4b06841e62d14044b58c15674af435d1
spotify:track:5rpRzNcJZqKQXk9PIjreB6,441377a4cd194279803e5145568346ed,2024-04-09T15:43:54Z,1,,4b06841e62d14044b58c15674af435d1
spotify:track:7DJI0fg4dzBJk31sEmn6Zk,441377a4cd194279803e5145568346ed,2024-04-09T15:43:54Z,3,,4b06841e62d14044b58c15674af435d1
spotify:track:0Q0IVlqMV64kNLlwjPj0Hl,95f0f3d2f6e84e54b527a9847c90935c,2024-04-09T16:02:11Z,1,,4b06841e62d14044b58c15674af435d1
spotify:track:41cpvQ2GyGb2BRdIRSsTqK,95f0f3d2f6e84e54b527a9847c90935c,2024-04-09T16:02:11Z,3,,4b06841e62d14044b58c15674af435d1
spotify:track:7DJI0fg4dzBJk31sEmn6Zk,95f0f3d2f6e84e54b527a9847c90935c,2024-04-09T16:02:11Z,2,,4b06841e62d14044b58c15674af435d1
spotify:track:2aoo2jlRnM3A0NyLQqMN2f,58a07428ceb746e1ab2bb8a1c1bce7fe,2024-04-09T16:48:24Z,3,Beat me to it - probably the best cover of all time,4b06841e62d14044b58c15674af435d1
spotify:track:3JOVTQ5h8HGFnDdp4VT3MP,58a07428ceb746e1ab2bb8a1c1bce7fe,2024-04-09T16:48:24Z,2,Great soundtrack to a great movie,4b06841e62d14044b58c15674af435d1
spotify:track:4y1LsJpmMti1PfRQV9AWWe,58a07428ceb746e1ab2bb8a1c1bce7fe,2024-04-09T16:48:24Z,1,,4b06841e62d14044b58c15674af435d1
spotify:track:0Q0IVlqMV64kNLlwjPj0Hl,8fc1dc71014e405da1c76d2fc096a6d6,2024-04-09T16:51:43Z,2,,4b06841e62d14044b58c15674af435d1
spotify:track:0YZ3J8xzGwLOg4yEgST1YK,8fc1dc71014e405da1c76d2fc096a6d6,2024-04-09T16:51:43Z,1,,4b06841e62d14044b58c15674af435d1
spotify:track:5rpRzNcJZqKQXk9PIjreB6,8fc1dc71014e405da1c76d2fc096a6d6,2024-04-09T16:51:43Z,3,,4b06841e62d14044b58c15674af435d1
spotify:track:2aoo2jlRnM3A0NyLQqMN2f,69e086bfb8724df7b39c6ee8f95e34e2,2024-04-09T17:16:58Z,1,,4b06841e62d14044b58c15674af435d1
spotify:track:3JOVTQ5h8HGFnDdp4VT3MP,69e086bfb8724df7b39c6ee8f95e34e2,2024-04-09T17:16:58Z,2,,4b06841e62d14044b58c15674af435d1
spotify:track:41cpvQ2GyGb2BRdIRSsTqK,69e086bfb8724df7b39c6ee8f95e34e2,2024-04-09T17:16:58Z,3,,4b06841e62d14044b58c15674af435d1
spotify:track:4eHbdreAnSOrDDsFfc4Fpm,9bb5de166c84417f9eac1ab83cde51a3,2024-04-10T11:48:32Z,2,,4b06841e62d14044b58c15674af435d1
spotify:track:4y1LsJpmMti1PfRQV9AWWe,9bb5de166c84417f9eac1ab83cde51a3,2024-04-10T11:48:32Z,3,,4b06841e62d14044b58c15674af435d1
spotify:track:5rpRzNcJZqKQXk9PIjreB6,9bb5de166c84417f9eac1ab83cde51a3,2024-04-10T11:48:32Z,1,,4b06841e62d14044b58c15674af435d1
spotify:track:2aoo2jlRnM3A0NyLQqMN2f,77ce1c43fa95404985614bfa98bf49d0,2024-04-11T07:31:27Z,2,,4b06841e62d14044b58c15674af435d1
spotify:track:4y1LsJpmMti1PfRQV9AWWe,77ce1c43fa95404985614bfa98bf49d0,2024-04-11T07:31:27Z,3,,4b06841e62d14044b58c15674af435d1
spotify:track:66iP3U2QOKgevrnrbWk53S,77ce1c43fa95404985614bfa98bf49d0,2024-04-11T07:31:27Z,1,,4b06841e62d14044b58c15674af435d1
spotify:track:1MVqeIAwhD4T44AKVkIfic,441377a4cd194279803e5145568346ed,2024-04-17T15:35:31Z,3,,f1622edc341c4d93a723c83bd95562d1
spotify:track:1rhXXcrYp9RRObN5gsmqCU,441377a4cd194279803e5145568346ed,2024-04-17T15:35:31Z,1,,f1622edc341c4d93a723c83bd95562d1
spotify:track:2O9O26335YYVckmRgPKY3s,441377a4cd194279803e5145568346ed,2024-04-17T15:35:31Z,2,,f1622edc341c4d93a723c83bd95562d1
spotify:track:1MVqeIAwhD4T44AKVkIfic,95f0f3d2f6e84e54b527a9847c90935c,2024-04-17T16:33:18Z,2,,f1622edc341c4d93a723c83bd95562d1
spotify:track:1Q8L5GiqKchiwSkdMDXyP6,95f0f3d2f6e84e54b527a9847c90935c,2024-04-17T16:33:18Z,3,,f1622edc341c4d93a723c83bd95562d1
spotify:track:54B9SGrQI1Yfu0vuoBZBGy,95f0f3d2f6e84e54b527a9847c90935c,2024-04-17T16:33:18Z,1,,f1622edc341c4d93a723c83bd95562d1
spotify:track:1p50Ir1Hm6Sa1urjaLGi7L,58a07428ceb746e1ab2bb8a1c1bce7fe,2024-04-17T20:46:32Z,2,,f1622edc341c4d93a723c83bd95562d1
spotify:track:3ZOEytgrvLwQaqXreDs2Jx,58a07428ceb746e1ab2bb8a1c1bce7fe,2024-04-17T20:46:32Z,3,,f1622edc341c4d93a723c83bd95562d1
spotify:track:6DlPa2rrVK3BygXJ48WYo3,58a07428ceb746e1ab2bb8a1c1bce7fe,2024-04-17T20:46:32Z,1,,f1622edc341c4d93a723c83bd95562d1
spotify:track:1MVqeIAwhD4T44AKVkIfic,3ad213877e564daa9030cedc60152a12,2024-04-18T09:49:42Z,2,,f1622edc341c4d93a723c83bd95562d1
spotify:track:1Q8L5GiqKchiwSkdMDXyP6,3ad213877e564daa9030cedc60152a12,2024-04-18T09:49:42Z,3,,f1622edc341c4d93a723c83bd95562d1
spotify:track:3ZOEytgrvLwQaqXreDs2Jx,3ad213877e564daa9030cedc60152a12,2024-04-18T09:49:42Z,1,,f1622edc341c4d93a723c83bd95562d1
spotify:track:01I8aPBUJIMzCtHsCVvmq5,65f3353a17ee4d3093d42837d3a84e21,2024-04-18T11:51:29Z,2,,f1622edc341c4d93a723c83bd95562d1
spotify:track:3ZOEytgrvLwQaqXreDs2Jx,65f3353a17ee4d3093d42837d3a84e21,2024-04-18T11:51:29Z,3,,f1622edc341c4d93a723c83bd95562d1
spotify:track:7AQjiRtIpr33P8UT98iveh,65f3353a17ee4d3093d42837d3a84e21,2024-04-18T11:51:29Z,1,,f1622edc341c4d93a723c83bd95562d1
spotify:track:21qnJAMtzC6S5SESuqQLEK,f0bffd950ed749d2b6ad93422db32028,2024-04-18T12:54:32Z,2,,f1622edc341c4d93a723c83bd95562d1
spotify:track:3ZOEytgrvLwQaqXreDs2Jx,f0bffd950ed749d2b6ad93422db32028,2024-04-18T12:54:32Z,3,,f1622edc341c4d93a723c83bd95562d1
spotify:track:6DlPa2rrVK3BygXJ48WYo3,f0bffd950ed749d2b6ad93422db32028,2024-04-18T12:54:32Z,1,,f1622edc341c4d93a723c83bd95562d1
spotify:track:04OxTCLGgDKfO0MMA2lcxv,a3856ee1b4bc4ac6acc97e4c1f52f370,2024-04-18T13:12:50Z,1,,f1622edc341c4d93a723c83bd95562d1
spotify:track:1Q8L5GiqKchiwSkdMDXyP6,a3856ee1b4bc4ac6acc97e4c1f52f370,2024-04-18T13:12:50Z,1,,f1622edc341c4d93a723c83bd95562d1
spotify:track:1rhXXcrYp9RRObN5gsmqCU,a3856ee1b4bc4ac6acc97e4c1f52f370,2024-04-18T13:12:50Z,1,,f1622edc341c4d93a723c83bd95562d1
spotify:track:21qnJAMtzC6S5SESuqQLEK,a3856ee1b4bc4ac6acc97e4c1f52f370,2024-04-18T13:12:50Z,1,,f1622edc341c4d93a723c83bd95562d1
spotify:track:3ZOEytgrvLwQaqXreDs2Jx,a3856ee1b4bc4ac6acc97e4c1f52f370,2024-04-18T13:12:50Z,1,,f1622edc341c4d93a723c83bd95562d1
spotify:track:7AQjiRtIpr33P8UT98iveh,a3856ee1b4bc4ac6acc97e4c1f52f370,2024-04-18T13:12:50Z,1,,f1622edc341c4d93a723c83bd95562d1
spotify:track:21qnJAMtzC6S5SESuqQLEK,bf8d6db2ccfb47c0a5a409733e7a51bb,2024-04-18T13:23:00Z,2,freaking banger,f1622edc341c4d93a723c83bd95562d1
spotify:track:5BgnL6gHauuvxe4Ok6W1aC,bf8d6db2ccfb47c0a5a409733e7a51bb,2024-04-18T13:23:00Z,2,,f1622edc341c4d93a723c83bd95562d1
spotify:track:7AQjiRtIpr33P8UT98iveh,bf8d6db2ccfb47c0a5a409733e7a51bb,2024-04-18T13:23:00Z,2,,f1622edc341c4d93a723c83bd95562d1
spotify:track:1MVqeIAwhD4T44AKVkIfic,86d8fd04cee8411ea81ad03e29472bc0,2024-04-18T13:35:39Z,1,,f1622edc341c4d93a723c83bd95562d1
spotify:track:29UzHkRHqGrqSikUDRWIam,86d8fd04cee8411ea81ad03e29472bc0,2024-04-18T13:35:39Z,3,,f1622edc341c4d93a723c83bd95562d1
spotify:track:54B9SGrQI1Yfu0vuoBZBGy,86d8fd04cee8411ea81ad03e29472bc0,2024-04-18T13:35:39Z,2,,f1622edc341c4d93a723c83bd95562d1
spotify:track:01I8aPBUJIMzCtHsCVvmq5,f27ad0518d20489798d9aad629604071,2024-04-19T08:11:05Z,4,banger,f1622edc341c4d93a723c83bd95562d1
spotify:track:29UzHkRHqGrqSikUDRWIam,f27ad0518d20489798d9aad629604071,2024-04-19T08:11:05Z,2,classic,f1622edc341c4d93a723c83bd95562d1
spotify:track:1MVqeIAwhD4T44AKVkIfic,8fc1dc71014e405da1c76d2fc096a6d6,2024-04-19T09:00:15Z,3,,f1622edc341c4d93a723c83bd95562d1
spotify:track:1Q8L5GiqKchiwSkdMDXyP6,8fc1dc71014e405da1c76d2fc096a6d6,2024-04-19T09:00:15Z,2,,f1622edc341c4d93a723c83bd95562d1
spotify:track:1rhXXcrYp9RRObN5gsmqCU,8fc1dc71014e405da1c76d2fc096a6d6,2024-04-19T09:00:15Z,1,,f1622edc341c4d93a723c83bd95562d1
spotify:track:04OxTCLGgDKfO0MMA2lcxv,9bb5de166c84417f9eac1ab83cde51a3,2024-04-19T10:05:23Z,1,,f1622edc341c4d93a723c83bd95562d1
spotify:track:5BB0Jzw60KyfSTyjJqtely,9bb5de166c84417f9eac1ab83cde51a3,2024-04-19T10:05:23Z,3,,f1622edc341c4d93a723c83bd95562d1
spotify:track:1rhXXcrYp9RRObN5gsmqCU,9bb5de166c84417f9eac1ab83cde51a3,2024-04-19T10:05:23Z,2,,f1622edc341c4d93a723c83bd95562d1
spotify:track:1p50Ir1Hm6Sa1urjaLGi7L,ebb25a7b909a431dbc2f15552c35dd26,2024-04-19T12:54:19Z,2,,f1622edc341c4d93a723c83bd95562d1
spotify:track:6DlPa2rrVK3BygXJ48WYo3,ebb25a7b909a431dbc2f15552c35dd26,2024-04-19T12:54:19Z,1,,f1622edc341c4d93a723c83bd95562d1
spotify:track:7AQjiRtIpr33P8UT98iveh,ebb25a7b909a431dbc2f15552c35dd26,2024-04-19T12:54:19Z,3,,f1622edc341c4d93a723c83bd95562d1
spotify:track:1Q8L5GiqKchiwSkdMDXyP6,69e086bfb8724df7b39c6ee8f95e34e2,2024-04-19T13:20:38Z,1,,f1622edc341c4d93a723c83bd95562d1
spotify:track:21qnJAMtzC6S5SESuqQLEK,69e086bfb8724df7b39c6ee8f95e34e2,2024-04-19T13:20:38Z,3,,f1622edc341c4d93a723c83bd95562d1
spotify:track:2zzLRQ78kKfPTx8FJQCdC2,69e086bfb8724df7b39c6ee8f95e34e2,2024-04-19T13:20:38Z,2,,f1622edc341c4d93a723c83bd95562d1
spotify:track:04OxTCLGgDKfO0MMA2lcxv,8b47375ed34b423cafdf2254e37c5aa1,2024-04-19T19:42:12Z,1,,f1622edc341c4d93a723c83bd95562d1
spotify:track:7AQjiRtIpr33P8UT98iveh,8b47375ed34b423cafdf2254e37c5aa1,2024-04-19T19:42:12Z,2,,f1622edc341c4d93a723c83bd95562d1
spotify:track:3ZOEytgrvLwQaqXreDs2Jx,8b47375ed34b423cafdf2254e37c5aa1,2024-04-19T19:42:12Z,3,this would have been my 3rd choice of song,f1622edc341c4d93a723c83bd95562d1
spotify:track:0b18g3G5spr4ZCkz7Y6Q0Q,95f0f3d2f6e84e54b527a9847c90935c,2024-04-26T08:44:36Z,3,,f47e2f9f7bcc428397da3b5b0912077f
spotify:track:1zi7xx7UVEFkmKfv06H8x0,95f0f3d2f6e84e54b527a9847c90935c,2024-04-26T08:44:36Z,2,,f47e2f9f7bcc428397da3b5b0912077f
spotify:track:45wMBGri1PORPjM9PwFfrS,95f0f3d2f6e84e54b527a9847c90935c,2024-04-26T08:44:36Z,1,,f47e2f9f7bcc428397da3b5b0912077f
spotify:track:0b18g3G5spr4ZCkz7Y6Q0Q,bf8d6db2ccfb47c0a5a409733e7a51bb,2024-04-26T08:46:28Z,2,banger,f47e2f9f7bcc428397da3b5b0912077f
spotify:track:1q9l6c8bAzqWcvO3DM6FsR,bf8d6db2ccfb47c0a5a409733e7a51bb,2024-04-26T08:46:28Z,2,,f47e2f9f7bcc428397da3b5b0912077f
spotify:track:3C0nOe05EIt1390bVABLyN,bf8d6db2ccfb47c0a5a409733e7a51bb,2024-04-26T08:46:28Z,1,,f47e2f9f7bcc428397da3b5b0912077f
spotify:track:45wMBGri1PORPjM9PwFfrS,bf8d6db2ccfb47c0a5a409733e7a51bb,2024-04-26T08:46:28Z,1,cristian?,f47e2f9f7bcc428397da3b5b0912077f
spotify:track:003vvx7Niy0yvhvHt4a68B,9bb5de166c84417f9eac1ab83cde51a3,2024-04-26T08:55:08Z,1,,f47e2f9f7bcc428397da3b5b0912077f
spotify:track:05wIrZSwuaVWhcv5FfqeH0,9bb5de166c84417f9eac1ab83cde51a3,2024-04-26T08:55:08Z,3,,f47e2f9f7bcc428397da3b5b0912077f
spotify:track:11C4y2Yz1XbHmaQwO06s9f,9bb5de166c84417f9eac1ab83cde51a3,2024-04-26T08:55:08Z,2,,f47e2f9f7bcc428397da3b5b0912077f
spotify:track:28O4QR1TELuXdcnVw9Q6Kt,0832db62ced3425bbe7aa7c1cf79c225,2024-04-26T09:43:53Z,1,,f47e2f9f7bcc428397da3b5b0912077f
spotify:track:49X0LAl6faAusYq02PRAY6,0832db62ced3425bbe7aa7c1cf79c225,2024-04-26T09:43:53Z,2,,f47e2f9f7bcc428397da3b5b0912077f
spotify:track:4t0UsYzmmmZRMTWn77jiGF,0832db62ced3425bbe7aa7c1cf79c225,2024-04-26T09:43:53Z,3,,f47e2f9f7bcc428397da3b5b0912077f
spotify:track:0b18g3G5spr4ZCkz7Y6Q0Q,ebb25a7b909a431dbc2f15552c35dd26,2024-04-26T10:00:33Z,2,,f47e2f9f7bcc428397da3b5b0912077f
spotify:track:11C4y2Yz1XbHmaQwO06s9f,ebb25a7b909a431dbc2f15552c35dd26,2024-04-26T10:00:33Z,3,,f47e2f9f7bcc428397da3b5b0912077f
spotify:track:1q9l6c8bAzqWcvO3DM6FsR,ebb25a7b909a431dbc2f15552c35dd26,2024-04-26T10:00:33Z,1,,f47e2f9f7bcc428397da3b5b0912077f
spotify:track:023lag1AgeOf7YChojecRu,f0bffd950ed749d2b6ad93422db32028,2024-04-26T12:29:59Z,2,,f47e2f9f7bcc428397da3b5b0912077f
spotify:track:49X0LAl6faAusYq02PRAY6,f0bffd950ed749d2b6ad93422db32028,2024-04-26T12:29:59Z,1,,f47e2f9f7bcc428397da3b5b0912077f
spotify:track:4t0UsYzmmmZRMTWn77jiGF,f0bffd950ed749d2b6ad93422db32028,2024-04-26T12:29:59Z,3,,f47e2f9f7bcc428397da3b5b0912077f
spotify:track:07GvNcU1WdyZJq3XxP0kZa,58a07428ceb746e1ab2bb8a1c1bce7fe,2024-04-26T13:12:00Z,0,Fucking love this song but calling it cheesy is DISGRACEFUL,f47e2f9f7bcc428397da3b5b0912077f
spotify:track:0b18g3G5spr4ZCkz7Y6Q0Q,58a07428ceb746e1ab2bb8a1c1bce7fe,2024-04-26T13:12:00Z,3,,f47e2f9f7bcc428397da3b5b0912077f
spotify:track:1PAgmT6YqGhd6zT9kN9gIo,58a07428ceb746e1ab2bb8a1c1bce7fe,2024-04-26T13:12:00Z,1,,f47e2f9f7bcc428397da3b5b0912077f
spotify:track:1q9l6c8bAzqWcvO3DM6FsR,58a07428ceb746e1ab2bb8a1c1bce7fe,2024-04-26T13:12:00Z,2,,f47e2f9f7bcc428397da3b5b0912077f
spotify:track:003vvx7Niy0yvhvHt4a68B,8fc1dc71014e405da1c76d2fc096a6d6,2024-04-26T13:25:20Z,2,,f47e2f9f7bcc428397da3b5b0912077f
spotify:track:11C4y2Yz1XbHmaQwO06s9f,8fc1dc71014e405da1c76d2fc096a6d6,2024-04-26T13:25:20Z,3,,f47e2f9f7bcc428397da3b5b0912077f
spotify:track:45wMBGri1PORPjM9PwFfrS,8fc1dc71014e405da1c76d2fc096a6d6,2024-04-26T13:25:20Z,1,,f47e2f9f7bcc428397da3b5b0912077f
spotify:track:003vvx7Niy0yvhvHt4a68B,a3856ee1b4bc4ac6acc97e4c1f52f370,2024-04-26T13:50:24Z,1,,f47e2f9f7bcc428397da3b5b0912077f
spotify:track:023lag1AgeOf7YChojecRu,a3856ee1b4bc4ac6acc97e4c1f52f370,2024-04-26T13:50:24Z,1,,f47e2f9f7bcc428397da3b5b0912077f
spotify:track:1zi7xx7UVEFkmKfv06H8x0,a3856ee1b4bc4ac6acc97e4c1f52f370,2024-04-26T13:50:24Z,1,,f47e2f9f7bcc428397da3b5b0912077f
spotify:track:49X0LAl6faAusYq02PRAY6,a3856ee1b4bc4ac6acc97e4c1f52f370,2024-04-26T13:50:24Z,1,,f47e2f9f7bcc428397da3b5b0912077f
spotify:track:59VRFpPnC8pOhIH2WCWXF9,a3856ee1b4bc4ac6acc97e4c1f52f370,2024-04-26T13:50:24Z,1,,f47e2f9f7bcc428397da3b5b0912077f
spotify:track:7o9KG7iQY8KACz7PZXYpyv,a3856ee1b4bc4ac6acc97e4c1f52f370,2024-04-26T13:50:24Z,1,,f47e2f9f7bcc428397da3b5b0912077f
spotify:track:0b18g3G5spr4ZCkz7Y6Q0Q,66f8278aaa894287b07040396a0e3fa2,2024-04-26T13:53:29Z,3,,f47e2f9f7bcc428397da3b5b0912077f
spotify:track:49X0LAl6faAusYq02PRAY6,66f8278aaa894287b07040396a0e3fa2,2024-04-26T13:53:29Z,2,,f47e2f9f7bcc428397da3b5b0912077f
spotify:track:6tASfEUyB7lE2r6DLzURji,66f8278aaa894287b07040396a0e3fa2,2024-04-26T13:53:29Z,1,,f47e2f9f7bcc428397da3b5b0912077f
spotify:track:1PAgmT6YqGhd6zT9kN9gIo,8b47375ed34b423cafdf2254e37c5aa1,2024-04-26T15:09:21Z,1,,f47e2f9f7bcc428397da3b5b0912077f
spotify:track:59VRFpPnC8pOhIH2WCWXF9,8b47375ed34b423cafdf2254e37c5aa1,2024-04-26T15:09:21Z,2,,f47e2f9f7bcc428397da3b5b0912077f
spotify:track:7o9KG7iQY8KACz7PZXYpyv,8b47375ed34b423cafdf2254e37c5aa1,2024-04-26T15:09:21Z,3,,f47e2f9f7bcc428397da3b5b0912077f
spotify:track:4t0UsYzmmmZRMTWn77jiGF,bac41cb5b9394481a949588f4e1fe757,2024-04-26T17:20:00Z,2,,f47e2f9f7bcc428397da3b5b0912077f
spotify:track:6tASfEUyB7lE2r6DLzURji,bac41cb5b9394481a949588f4e1fe757,2024-04-26T17:20:00Z,1,,f47e2f9f7bcc428397da3b5b0912077f
spotify:track:7o9KG7iQY8KACz7PZXYpyv,bac41cb5b9394481a949588f4e1fe757,2024-04-26T17:20:00Z,3,,f47e2f9f7bcc428397da3b5b0912077f
spotify:track:3C0nOe05EIt1390bVABLyN,3ad213877e564daa9030cedc60152a12,2024-04-26T21:50:53Z,3,DALE,f47e2f9f7bcc428397da3b5b0912077f
spotify:track:49X0LAl6faAusYq02PRAY6,3ad213877e564daa9030cedc60152a12,2024-04-26T21:50:53Z,2,,f47e2f9f7bcc428397da3b5b0912077f
spotify:track:4t0UsYzmmmZRMTWn77jiGF,3ad213877e564daa9030cedc60152a12,2024-04-26T21:50:53Z,1,,f47e2f9f7bcc428397da3b5b0912077f
spotify:track:28O4QR1TELuXdcnVw9Q6Kt,65f3353a17ee4d3093d42837d3a84e21,2024-04-27T06:48:30Z,2,,f47e2f9f7bcc428397da3b5b0912077f
spotify:track:59VRFpPnC8pOhIH2WCWXF9,65f3353a17ee4d3093d42837d3a84e21,2024-04-27T06:48:30Z,3,"What a banger, excellent choice",f47e2f9f7bcc428397da3b5b0912077f
spotify:track:7o9KG7iQY8KACz7PZXYpyv,65f3353a17ee4d3093d42837d3a84e21,2024-04-27T06:48:30Z,1,,f47e2f9f7bcc428397da3b5b0912077f
spotify:track:05wIrZSwuaVWhcv5FfqeH0,86d8fd04cee8411ea81ad03e29472bc0,2024-04-27T07:23:54Z,2,,f47e2f9f7bcc428397da3b5b0912077f
spotify:track:49X0LAl6faAusYq02PRAY6,86d8fd04cee8411ea81ad03e29472bc0,2024-04-27T07:23:54Z,3,,f47e2f9f7bcc428397da3b5b0912077f
spotify:track:4t0UsYzmmmZRMTWn77jiGF,86d8fd04cee8411ea81ad03e29472bc0,2024-04-27T07:23:54Z,1,,f47e2f9f7bcc428397da3b5b0912077f
spotify:track:003vvx7Niy0yvhvHt4a68B,69e086bfb8724df7b39c6ee8f95e34e2,2024-04-28T01:00:43Z,1,,f47e2f9f7bcc428397da3b5b0912077f
spotify:track:05wIrZSwuaVWhcv5FfqeH0,69e086bfb8724df7b39c6ee8f95e34e2,2024-04-28T01:00:43Z,2,,f47e2f9f7bcc428397da3b5b0912077f
spotify:track:6tASfEUyB7lE2r6DLzURji,69e086bfb8724df7b39c6ee8f95e34e2,2024-04-28T01:00:43Z,3,,f47e2f9f7bcc428397da3b5b0912077f
spotify:track:003vvx7Niy0yvhvHt4a68B,441377a4cd194279803e5145568346ed,2024-04-28T05:07:33Z,2,,f47e2f9f7bcc428397da3b5b0912077f
spotify:track:023lag1AgeOf7YChojecRu,441377a4cd194279803e5145568346ed,2024-04-28T05:07:33Z,1,,f47e2f9f7bcc428397da3b5b0912077f
spotify:track:6tASfEUyB7lE2r6DLzURji,441377a4cd194279803e5145568346ed,2024-04-28T05:07:33Z,3,,f47e2f9f7bcc428397da3b5b0912077f
spotify:track:4PTG3Z6ehGkBFwjybzWkR8,bf8d6db2ccfb47c0a5a409733e7a51bb,2024-05-01T10:33:42Z,2,,329b70c2eec24828a99e4155f621b069
spotify:track:2374M0fQpWi3dLnB54qaLX,bf8d6db2ccfb47c0a5a409733e7a51bb,2024-05-01T10:33:42Z,1,,329b70c2eec24828a99e4155f621b069
spotify:track:4bO6DljpuAeQh6HS20i0I5,bf8d6db2ccfb47c0a5a409733e7a51bb,2024-05-01T10:33:42Z,1,didn't know this one yet...but it's goood,329b70c2eec24828a99e4155f621b069
spotify:track:5WDLRQ3VCdVrKw0njWe5E5,bf8d6db2ccfb47c0a5a409733e7a51bb,2024-05-01T10:33:42Z,2,,329b70c2eec24828a99e4155f621b069
spotify:track:4bO6DljpuAeQh6HS20i0I5,f0bffd950ed749d2b6ad93422db32028,2024-05-01T10:44:53Z,3,,329b70c2eec24828a99e4155f621b069
spotify:track:1TfqLAPs4K3s2rJMoCokcS,f0bffd950ed749d2b6ad93422db32028,2024-05-01T10:44:53Z,1,,329b70c2eec24828a99e4155f621b069
spotify:track:2374M0fQpWi3dLnB54qaLX,f0bffd950ed749d2b6ad93422db32028,2024-05-01T10:44:53Z,2,,329b70c2eec24828a99e4155f621b069
spotify:track:34zDwAdksPXYzGINUT0oW7,8b47375ed34b423cafdf2254e37c5aa1,2024-05-01T10:45:00Z,3,,329b70c2eec24828a99e4155f621b069
spotify:track:1mCsF9Tw4AkIZOjvZbZZdT,8b47375ed34b423cafdf2254e37c5aa1,2024-05-01T10:45:00Z,1,,329b70c2eec24828a99e4155f621b069
spotify:track:1TfqLAPs4K3s2rJMoCokcS,8b47375ed34b423cafdf2254e37c5aa1,2024-05-01T10:45:00Z,2,,329b70c2eec24828a99e4155f621b069
spotify:track:2374M0fQpWi3dLnB54qaLX,8b47375ed34b423cafdf2254e37c5aa1,2024-05-01T10:45:00Z,0,honorary point🙏🏾,329b70c2eec24828a99e4155f621b069
spotify:track:4PTG3Z6ehGkBFwjybzWkR8,ebb25a7b909a431dbc2f15552c35dd26,2024-05-01T10:45:30Z,1,,329b70c2eec24828a99e4155f621b069
spotify:track:1TfqLAPs4K3s2rJMoCokcS,ebb25a7b909a431dbc2f15552c35dd26,2024-05-01T10:45:30Z,2,,329b70c2eec24828a99e4155f621b069
spotify:track:2tUBqZG2AbRi7Q0BIrVrEj,ebb25a7b909a431dbc2f15552c35dd26,2024-05-01T10:45:30Z,3,,329b70c2eec24828a99e4155f621b069
spotify:track:2tUBqZG2AbRi7Q0BIrVrEj,95f0f3d2f6e84e54b527a9847c90935c,2024-05-01T14:51:09Z,1,,329b70c2eec24828a99e4155f621b069
spotify:track:3nFJbZCHP4d9vduKjJLdBL,95f0f3d2f6e84e54b527a9847c90935c,2024-05-01T14:51:09Z,3,EXCELLENT music taste,329b70c2eec24828a99e4155f621b069
spotify:track:4dN95X1Ha4sXZ6EKqi4c6b,95f0f3d2f6e84e54b527a9847c90935c,2024-05-01T14:51:09Z,0,very interesting ,329b70c2eec24828a99e4155f621b069
spotify:track:4PTG3Z6ehGkBFwjybzWkR8,95f0f3d2f6e84e54b527a9847c90935c,2024-05-01T14:51:09Z,2,,329b70c2eec24828a99e4155f621b069
spotify:track:1TfqLAPs4K3s2rJMoCokcS,a3856ee1b4bc4ac6acc97e4c1f52f370,2024-05-01T15:23:13Z,2,,329b70c2eec24828a99e4155f621b069
spotify:track:2tUBqZG2AbRi7Q0BIrVrEj,a3856ee1b4bc4ac6acc97e4c1f52f370,2024-05-01T15:23:13Z,1,,329b70c2eec24828a99e4155f621b069
spotify:track:34zDwAdksPXYzGINUT0oW7,a3856ee1b4bc4ac6acc97e4c1f52f370,2024-05-01T15:23:13Z,1,,329b70c2eec24828a99e4155f621b069
spotify:track:3nFJbZCHP4d9vduKjJLdBL,a3856ee1b4bc4ac6acc97e4c1f52f370,2024-05-01T15:23:13Z,1,,329b70c2eec24828a99e4155f621b069
spotify:track:62LJFaYihsdVrrkgUOJC05,a3856ee1b4bc4ac6acc97e4c1f52f370,2024-05-01T15:23:13Z,1,,329b70c2eec24828a99e4155f621b069
spotify:track:1TfqLAPs4K3s2rJMoCokcS,441377a4cd194279803e5145568346ed,2024-05-01T15:31:53Z,2,,329b70c2eec24828a99e4155f621b069
spotify:track:5WDLRQ3VCdVrKw0njWe5E5,441377a4cd194279803e5145568346ed,2024-05-01T15:31:53Z,3,,329b70c2eec24828a99e4155f621b069
spotify:track:7oOOI85fVQvVnK5ynNMdW7,441377a4cd194279803e5145568346ed,2024-05-01T15:31:53Z,1,,329b70c2eec24828a99e4155f621b069
spotify:track:7vvRkLPIvfjjmCIqNxBuEZ,86d8fd04cee8411ea81ad03e29472bc0,2024-05-01T15:35:08Z,3,,329b70c2eec24828a99e4155f621b069
spotify:track:0qi4b1l0eT3jpzeNHeFXDT,86d8fd04cee8411ea81ad03e29472bc0,2024-05-01T15:35:08Z,2,,329b70c2eec24828a99e4155f621b069
spotify:track:4dN95X1Ha4sXZ6EKqi4c6b,86d8fd04cee8411ea81ad03e29472bc0,2024-05-01T15:35:08Z,1,,329b70c2eec24828a99e4155f621b069
spotify:track:1mCsF9Tw4AkIZOjvZbZZdT,0832db62ced3425bbe7aa7c1cf79c225,2024-05-01T15:50:52Z,3,,329b70c2eec24828a99e4155f621b069
spotify:track:1TfqLAPs4K3s2rJMoCokcS,0832db62ced3425bbe7aa7c1cf79c225,2024-05-01T15:50:52Z,2,,329b70c2eec24828a99e4155f621b069
spotify:track:3nFJbZCHP4d9vduKjJLdBL,0832db62ced3425bbe7aa7c1cf79c225,2024-05-01T15:50:52Z,1,,329b70c2eec24828a99e4155f621b069
spotify:track:3nFJbZCHP4d9vduKjJLdBL,65f3353a17ee4d3093d42837d3a84e21,2024-05-01T17:51:55Z,2,,329b70c2eec24828a99e4155f621b069
spotify:track:5WDLRQ3VCdVrKw0njWe5E5,65f3353a17ee4d3093d42837d3a84e21,2024-05-01T17:51:55Z,3,,329b70c2eec24828a99e4155f621b069
spotify:track:7oOOI85fVQvVnK5ynNMdW7,65f3353a17ee4d3093d42837d3a84e21,2024-05-01T17:51:55Z,1,,329b70c2eec24828a99e4155f621b069
spotify:track:1TfqLAPs4K3s2rJMoCokcS,3ad213877e564daa9030cedc60152a12,2024-05-01T20:02:07Z,1,,329b70c2eec24828a99e4155f621b069
spotify:track:5WDLRQ3VCdVrKw0njWe5E5,3ad213877e564daa9030cedc60152a12,2024-05-01T20:02:07Z,3,,329b70c2eec24828a99e4155f621b069
spotify:track:7vvRkLPIvfjjmCIqNxBuEZ,3ad213877e564daa9030cedc60152a12,2024-05-01T20:02:07Z,2,,329b70c2eec24828a99e4155f621b069
spotify:track:1mCsF9Tw4AkIZOjvZbZZdT,58a07428ceb746e1ab2bb8a1c1bce7fe,2024-05-02T13:00:57Z,1,,329b70c2eec24828a99e4155f621b069
spotify:track:1TfqLAPs4K3s2rJMoCokcS,58a07428ceb746e1ab2bb8a1c1bce7fe,2024-05-02T13:00:57Z,3,,329b70c2eec24828a99e4155f621b069
spotify:track:4dN95X1Ha4sXZ6EKqi4c6b,58a07428ceb746e1ab2bb8a1c1bce7fe,2024-05-02T13:00:57Z,2,,329b70c2eec24828a99e4155f621b069
spotify:track:0rmGAIH9LNJewFw7nKzZnc,8fc1dc71014e405da1c76d2fc096a6d6,2024-05-02T16:15:06Z,3,,329b70c2eec24828a99e4155f621b069
spotify:track:1mCsF9Tw4AkIZOjvZbZZdT,8fc1dc71014e405da1c76d2fc096a6d6,2024-05-02T16:15:06Z,2,,329b70c2eec24828a99e4155f621b069
spotify:track:4PTG3Z6ehGkBFwjybzWkR8,8fc1dc71014e405da1c76d2fc096a6d6,2024-05-02T16:15:06Z,1,,329b70c2eec24828a99e4155f621b069
spotify:track:0rmGAIH9LNJewFw7nKzZnc,9bb5de166c84417f9eac1ab83cde51a3,2024-05-03T08:48:22Z,2,,329b70c2eec24828a99e4155f621b069
spotify:track:4PTG3Z6ehGkBFwjybzWkR8,9bb5de166c84417f9eac1ab83cde51a3,2024-05-03T08:48:22Z,3,,329b70c2eec24828a99e4155f621b069
spotify:track:7iAqvWLgZzXvH38lA06QZg,9bb5de166c84417f9eac1ab83cde51a3,2024-05-03T08:48:22Z,1,,329b70c2eec24828a99e4155f621b069
spotify:track:2374M0fQpWi3dLnB54qaLX,6fdaac9000ff4741bfbde8fee25272be,2024-05-03T09:16:01Z,1,,329b70c2eec24828a99e4155f621b069
spotify:track:6KIKRz9eSTXdNsGUnomdtW,6fdaac9000ff4741bfbde8fee25272be,2024-05-03T09:16:01Z,3,,329b70c2eec24828a99e4155f621b069
spotify:track:7oOOI85fVQvVnK5ynNMdW7,6fdaac9000ff4741bfbde8fee25272be,2024-05-03T09:16:01Z,2,,329b70c2eec24828a99e4155f621b069
spotify:track:3nFJbZCHP4d9vduKjJLdBL,69e086bfb8724df7b39c6ee8f95e34e2,2024-05-03T09:48:49Z,2,,329b70c2eec24828a99e4155f621b069
spotify:track:4PTG3Z6ehGkBFwjybzWkR8,69e086bfb8724df7b39c6ee8f95e34e2,2024-05-03T09:48:49Z,1,,329b70c2eec24828a99e4155f621b069
spotify:track:7vvRkLPIvfjjmCIqNxBuEZ,69e086bfb8724df7b39c6ee8f95e34e2,2024-05-03T09:48:49Z,3,,329b70c2eec24828a99e4155f621b069
spotify:track:1mCsF9Tw4AkIZOjvZbZZdT,bac41cb5b9394481a949588f4e1fe757,2024-05-03T11:36:03Z,1,,329b70c2eec24828a99e4155f621b069
spotify:track:4bO6DljpuAeQh6HS20i0I5,bac41cb5b9394481a949588f4e1fe757,2024-05-03T11:36:03Z,3,,329b70c2eec24828a99e4155f621b069
spotify:track:62LJFaYihsdVrrkgUOJC05,bac41cb5b9394481a949588f4e1fe757,2024-05-03T11:36:03Z,2,,329b70c2eec24828a99e4155f621b069
spotify:track:1PAgmT6YqGhd6zT9kN9gIo,77ce1c43fa95404985614bfa98bf49d0,2024-05-10T09:32:24Z,3,,00152401dee44475992a217a464afd75
spotify:track:60OyEYORxZjS7xlfoAgyjR,77ce1c43fa95404985614bfa98bf49d0,2024-05-10T09:32:24Z,2,,00152401dee44475992a217a464afd75
spotify:track:7bYZBVrnRfqeaPbhRyEvK3,77ce1c43fa95404985614bfa98bf49d0,2024-05-10T09:32:24Z,1,,00152401dee44475992a217a464afd75
spotify:track:1jJci4qxiYcOHhQR247rEU,66f8278aaa894287b07040396a0e3fa2,2024-05-10T09:39:52Z,3,,00152401dee44475992a217a464afd75
spotify:track:1SAkL1mYNJlaqnBQxVZrRl,66f8278aaa894287b07040396a0e3fa2,2024-05-10T09:39:52Z,1,,00152401dee44475992a217a464afd75
spotify:track:6Rb0ptOEjBjPPQUlQtQGbL,66f8278aaa894287b07040396a0e3fa2,2024-05-10T09:39:52Z,2,,00152401dee44475992a217a464afd75
spotify:track:0gmbgwZ8iqyMPmXefof8Yf,bf8d6db2ccfb47c0a5a409733e7a51bb,2024-05-10T10:31:00Z,3,bangeeeer,00152401dee44475992a217a464afd75
spotify:track:1SAkL1mYNJlaqnBQxVZrRl,bf8d6db2ccfb47c0a5a409733e7a51bb,2024-05-10T10:31:00Z,1,,00152401dee44475992a217a464afd75
spotify:track:6Rb0ptOEjBjPPQUlQtQGbL,bf8d6db2ccfb47c0a5a409733e7a51bb,2024-05-10T10:31:00Z,2,,00152401dee44475992a217a464afd75
spotify:track:0gmbgwZ8iqyMPmXefof8Yf,0832db62ced3425bbe7aa7c1cf79c225,2024-05-10T12:17:27Z,2,,00152401dee44475992a217a464afd75
spotify:track:2bNxCVI4Fub8BAwr0CQDyd,0832db62ced3425bbe7aa7c1cf79c225,2024-05-10T12:17:27Z,0,How do I give negative points?,00152401dee44475992a217a464afd75
spotify:track:52xJxFP6TqMuO4Yt0eOkMz,0832db62ced3425bbe7aa7c1cf79c225,2024-05-10T12:17:27Z,1,,00152401dee44475992a217a464afd75
spotify:track:6ls5ulRydoPE7oWGPGBqFA,0832db62ced3425bbe7aa7c1cf79c225,2024-05-10T12:17:27Z,3,"Is kinda awful, but kinda like it and hits the brief!!",00152401dee44475992a217a464afd75
spotify:track:0gmbgwZ8iqyMPmXefof8Yf,65f3353a17ee4d3093d42837d3a84e21,2024-05-10T13:39:28Z,2,,00152401dee44475992a217a464afd75
spotify:track:52xJxFP6TqMuO4Yt0eOkMz,65f3353a17ee4d3093d42837d3a84e21,2024-05-10T13:39:28Z,1,,00152401dee44475992a217a464afd75
spotify:track:6Rb0ptOEjBjPPQUlQtQGbL,65f3353a17ee4d3093d42837d3a84e21,2024-05-10T13:39:28Z,3,,00152401dee44475992a217a464afd75
spotify:track:0gmbgwZ8iqyMPmXefof8Yf,ebb25a7b909a431dbc2f15552c35dd26,2024-05-10T15:01:47Z,3,,00152401dee44475992a217a464afd75
spotify:track:7bYZBVrnRfqeaPbhRyEvK3,ebb25a7b909a431dbc2f15552c35dd26,2024-05-10T15:01:47Z,2,,00152401dee44475992a217a464afd75
spotify:track:7ERSQrRptZVM7q3VOdM7OL,ebb25a7b909a431dbc2f15552c35dd26,2024-05-10T15:01:47Z,1,"Honestly, not bad. It’s pretty good white noise, ended up listening to it twice",00152401dee44475992a217a464afd75
spotify:track:1PAgmT6YqGhd6zT9kN9gIo,95f0f3d2f6e84e54b527a9847c90935c,2024-05-10T15:13:02Z,3,,00152401dee44475992a217a464afd75
spotify:track:2bNxCVI4Fub8BAwr0CQDyd,95f0f3d2f6e84e54b527a9847c90935c,2024-05-10T15:13:02Z,0,the part between 2:00 and 2:08 though...,00152401dee44475992a217a464afd75
spotify:track:6ls5ulRydoPE7oWGPGBqFA,95f0f3d2f6e84e54b527a9847c90935c,2024-05-10T15:13:02Z,1,,00152401dee44475992a217a464afd75
spotify:track:6Rb0ptOEjBjPPQUlQtQGbL,95f0f3d2f6e84e54b527a9847c90935c,2024-05-10T15:13:02Z,2,,00152401dee44475992a217a464afd75
spotify:track:7ERSQrRptZVM7q3VOdM7OL,95f0f3d2f6e84e54b527a9847c90935c,2024-05-10T15:13:02Z,0,sorry I couldn't listen to all 26 mins of it,00152401dee44475992a217a464afd75
spotify:track:4PTG3Z6ehGkBFwjybzWkR8,9bb5de166c84417f9eac1ab83cde51a3,2024-05-10T15:21:33Z,2,,00152401dee44475992a217a464afd75
spotify:track:52xJxFP6TqMuO4Yt0eOkMz,9bb5de166c84417f9eac1ab83cde51a3,2024-05-10T15:21:33Z,1,,00152401dee44475992a217a464afd75
spotify:track:6ls5ulRydoPE7oWGPGBqFA,9bb5de166c84417f9eac1ab83cde51a3,2024-05-10T15:21:33Z,3,,00152401dee44475992a217a464afd75
spotify:track:4PTG3Z6ehGkBFwjybzWkR8,69e086bfb8724df7b39c6ee8f95e34e2,2024-05-10T19:06:37Z,3,,00152401dee44475992a217a464afd75
spotify:track:52xJxFP6TqMuO4Yt0eOkMz,69e086bfb8724df7b39c6ee8f95e34e2,2024-05-10T19:06:37Z,2,,00152401dee44475992a217a464afd75
spotify:track:60OyEYORxZjS7xlfoAgyjR,69e086bfb8724df7b39c6ee8f95e34e2,2024-05-10T19:06:37Z,1,,00152401dee44475992a217a464afd75
spotify:track:0gmbgwZ8iqyMPmXefof8Yf,bac41cb5b9394481a949588f4e1fe757,2024-05-10T20:55:41Z,4,,00152401dee44475992a217a464afd75
spotify:track:4PTG3Z6ehGkBFwjybzWkR8,bac41cb5b9394481a949588f4e1fe757,2024-05-10T20:55:41Z,1,,00152401dee44475992a217a464afd75
spotify:track:60OyEYORxZjS7xlfoAgyjR,bac41cb5b9394481a949588f4e1fe757,2024-05-10T20:55:41Z,1,,00152401dee44475992a217a464afd75
spotify:track:0gmbgwZ8iqyMPmXefof8Yf,58a07428ceb746e1ab2bb8a1c1bce7fe,2024-05-12T05:13:22Z,3,,00152401dee44475992a217a464afd75
spotify:track:3ZFTkvIE7kyPt6Nu3PEa7V,58a07428ceb746e1ab2bb8a1c1bce7fe,2024-05-12T05:13:22Z,2,,00152401dee44475992a217a464afd75
spotify:track:60OyEYORxZjS7xlfoAgyjR,58a07428ceb746e1ab2bb8a1c1bce7fe,2024-05-12T05:13:22Z,1,,00152401dee44475992a217a464afd75
spotify:track:52xJxFP6TqMuO4Yt0eOkMz,8fc1dc71014e405da1c76d2fc096a6d6,2024-05-13T06:05:31Z,1,,00152401dee44475992a217a464afd75
spotify:track:5uRsBdLhn91AYcsTCOGNOC,8fc1dc71014e405da1c76d2fc096a6d6,2024-05-13T06:05:31Z,3,,00152401dee44475992a217a464afd75
spotify:track:60OyEYORxZjS7xlfoAgyjR,8fc1dc71014e405da1c76d2fc096a6d6,2024-05-13T06:05:31Z,2,,00152401dee44475992a217a464afd75
spotify:track:1SAkL1mYNJlaqnBQxVZrRl,86d8fd04cee8411ea81ad03e29472bc0,2024-05-13T07:03:58Z,1,,00152401dee44475992a217a464afd75
spotify:track:52xJxFP6TqMuO4Yt0eOkMz,86d8fd04cee8411ea81ad03e29472bc0,2024-05-13T07:03:58Z,3,,00152401dee44475992a217a464afd75
spotify:track:7fPyCCiXVwbzPQ1MtoUChl,86d8fd04cee8411ea81ad03e29472bc0,2024-05-13T07:03:58Z,2,,00152401dee44475992a217a464afd75
spotify:track:0gmbgwZ8iqyMPmXefof8Yf,a3856ee1b4bc4ac6acc97e4c1f52f370,2024-05-13T07:09:23Z,1,,00152401dee44475992a217a464afd75
spotify:track:1SAkL1mYNJlaqnBQxVZrRl,a3856ee1b4bc4ac6acc97e4c1f52f370,2024-05-13T07:09:23Z,1,,00152401dee44475992a217a464afd75
spotify:track:4PTG3Z6ehGkBFwjybzWkR8,a3856ee1b4bc4ac6acc97e4c1f52f370,2024-05-13T07:09:23Z,1,,00152401dee44475992a217a464afd75
spotify:track:60OyEYORxZjS7xlfoAgyjR,a3856ee1b4bc4ac6acc97e4c1f52f370,2024-05-13T07:09:23Z,1,,00152401dee44475992a217a464afd75
spotify:track:6ls5ulRydoPE7oWGPGBqFA,a3856ee1b4bc4ac6acc97e4c1f52f370,2024-05-13T07:09:23Z,1,,00152401dee44475992a217a464afd75
spotify:track:7bYZBVrnRfqeaPbhRyEvK3,a3856ee1b4bc4ac6acc97e4c1f52f370,2024-05-13T07:09:23Z,1,,00152401dee44475992a217a464afd75
spotify:track:1PAgmT6YqGhd6zT9kN9gIo,441377a4cd194279803e5145568346ed,2024-05-13T07:48:08Z,2,,00152401dee44475992a217a464afd75
spotify:track:4hjuUelurEBKlqpJPJ77Iw,441377a4cd194279803e5145568346ed,2024-05-13T07:48:08Z,3,,00152401dee44475992a217a464afd75
spotify:track:4PTG3Z6ehGkBFwjybzWkR8,441377a4cd194279803e5145568346ed,2024-05-13T07:48:08Z,1,,00152401dee44475992a217a464afd75
spotify:track:7ERSQrRptZVM7q3VOdM7OL,441377a4cd194279803e5145568346ed,2024-05-13T07:48:08Z,0,Had to switch 5 mins into this…,00152401dee44475992a217a464afd75
spotify:track:1jJci4qxiYcOHhQR247rEU,f0bffd950ed749d2b6ad93422db32028,2024-05-13T09:13:39Z,3,,00152401dee44475992a217a464afd75
spotify:track:7bYZBVrnRfqeaPbhRyEvK3,f0bffd950ed749d2b6ad93422db32028,2024-05-13T09:13:39Z,1,,00152401dee44475992a217a464afd75
spotify:track:7ERSQrRptZVM7q3VOdM7OL,f0bffd950ed749d2b6ad93422db32028,2024-05-13T09:13:39Z,2,,00152401dee44475992a217a464afd75
spotify:track:1SAkL1mYNJlaqnBQxVZrRl,3ad213877e564daa9030cedc60152a12,2024-05-13T09:25:02Z,3,,00152401dee44475992a217a464afd75
spotify:track:6ls5ulRydoPE7oWGPGBqFA,3ad213877e564daa9030cedc60152a12,2024-05-13T09:25:02Z,1,,00152401dee44475992a217a464afd75
spotify:track:6Rb0ptOEjBjPPQUlQtQGbL,3ad213877e564daa9030cedc60152a12,2024-05-13T09:25:02Z,2,,00152401dee44475992a217a464afd75
spotify:track:0gmbgwZ8iqyMPmXefof8Yf,8b47375ed34b423cafdf2254e37c5aa1,2024-05-13T09:39:20Z,3,,00152401dee44475992a217a464afd75
spotify:track:2bNxCVI4Fub8BAwr0CQDyd,8b47375ed34b423cafdf2254e37c5aa1,2024-05-13T09:39:20Z,0,honorary point🙏🏾,00152401dee44475992a217a464afd75
spotify:track:35Y18Dv2pAiJ7v0Zou9gxI,8b47375ed34b423cafdf2254e37c5aa1,2024-05-13T09:39:20Z,0,-3😂,00152401dee44475992a217a464afd75
spotify:track:3ZFTkvIE7kyPt6Nu3PEa7V,8b47375ed34b423cafdf2254e37c5aa1,2024-05-13T09:39:20Z,1,,00152401dee44475992a217a464afd75
spotify:track:52xJxFP6TqMuO4Yt0eOkMz,8b47375ed34b423cafdf2254e37c5aa1,2024-05-13T09:39:20Z,2,,00152401dee44475992a217a464afd75
spotify:track:2SpEHTbUuebeLkgs9QB7Ue,86d8fd04cee8411ea81ad03e29472bc0,2024-05-17T11:02:30Z,3,,ef932ad81b6b4adabc176e4ab782e955
spotify:track:2Fs18NaCDuluPG1DHGw1XG,86d8fd04cee8411ea81ad03e29472bc0,2024-05-17T11:02:30Z,2,,ef932ad81b6b4adabc176e4ab782e955
spotify:track:0Z7nGFVCLfixWctgePsRk9,86d8fd04cee8411ea81ad03e29472bc0,2024-05-17T11:02:30Z,1,,ef932ad81b6b4adabc176e4ab782e955
spotify:track:0Z7nGFVCLfixWctgePsRk9,9bb5de166c84417f9eac1ab83cde51a3,2024-05-17T11:43:29Z,0,NEGATIVE POINTS!! ,ef932ad81b6b4adabc176e4ab782e955
spotify:track:4sl4UWqzHSG7riBKdralwy,9bb5de166c84417f9eac1ab83cde51a3,2024-05-17T11:43:29Z,2,,ef932ad81b6b4adabc176e4ab782e955
spotify:track:1WzAeadSKJhqykZFbJNmQv,9bb5de166c84417f9eac1ab83cde51a3,2024-05-17T11:43:29Z,3,,ef932ad81b6b4adabc176e4ab782e955
spotify:track:0ZUo4YjG4saFnEJhdWp9Bt,9bb5de166c84417f9eac1ab83cde51a3,2024-05-17T11:43:29Z,1,,ef932ad81b6b4adabc176e4ab782e955
spotify:track:0Z7nGFVCLfixWctgePsRk9,95f0f3d2f6e84e54b527a9847c90935c,2024-05-17T11:55:59Z,1,,ef932ad81b6b4adabc176e4ab782e955
spotify:track:0fCwTrRNfoNk962ati8n2K,95f0f3d2f6e84e54b527a9847c90935c,2024-05-17T11:55:59Z,2,,ef932ad81b6b4adabc176e4ab782e955
spotify:track:2SpEHTbUuebeLkgs9QB7Ue,95f0f3d2f6e84e54b527a9847c90935c,2024-05-17T11:55:59Z,3,,ef932ad81b6b4adabc176e4ab782e955
spotify:track:3FJapheyNIZg3W7bt1qpOa,65f3353a17ee4d3093d42837d3a84e21,2024-05-17T12:09:35Z,1,,ef932ad81b6b4adabc176e4ab782e955
spotify:track:0ZUo4YjG4saFnEJhdWp9Bt,65f3353a17ee4d3093d42837d3a84e21,2024-05-17T12:09:35Z,3,,ef932ad81b6b4adabc176e4ab782e955
spotify:track:0Z7nGFVCLfixWctgePsRk9,65f3353a17ee4d3093d42837d3a84e21,2024-05-17T12:09:35Z,2,it doesn't get more country than this,ef932ad81b6b4adabc176e4ab782e955
spotify:track:1DapWGOWwFA24Fg5ab6znL,ebb25a7b909a431dbc2f15552c35dd26,2024-05-17T12:42:30Z,2,,ef932ad81b6b4adabc176e4ab782e955
spotify:track:5s7m2xNZWgz5FqVSIvJcGA,ebb25a7b909a431dbc2f15552c35dd26,2024-05-17T12:42:30Z,1,,ef932ad81b6b4adabc176e4ab782e955
spotify:track:2SpEHTbUuebeLkgs9QB7Ue,ebb25a7b909a431dbc2f15552c35dd26,2024-05-17T12:42:30Z,3,,ef932ad81b6b4adabc176e4ab782e955
spotify:track:2SpEHTbUuebeLkgs9QB7Ue,58a07428ceb746e1ab2bb8a1c1bce7fe,2024-05-17T14:34:25Z,0,3 points for the song but -3 points for going for the most obvious answer,ef932ad81b6b4adabc176e4ab782e955
spotify:track:1DapWGOWwFA24Fg5ab6znL,58a07428ceb746e1ab2bb8a1c1bce7fe,2024-05-17T14:34:25Z,3,,ef932ad81b6b4adabc176e4ab782e955
spotify:track:5s7m2xNZWgz5FqVSIvJcGA,58a07428ceb746e1ab2bb8a1c1bce7fe,2024-05-17T14:34:25Z,1,,ef932ad81b6b4adabc176e4ab782e955
spotify:track:5bXHwZ7pl25Fbljm2bEWK6,58a07428ceb746e1ab2bb8a1c1bce7fe,2024-05-17T14:34:25Z,0,Deserve to be kicked out of the league for this,ef932ad81b6b4adabc176e4ab782e955
spotify:track:3fqwjXwUGN6vbzIwvyFMhx,58a07428ceb746e1ab2bb8a1c1bce7fe,2024-05-17T14:34:25Z,2,,ef932ad81b6b4adabc176e4ab782e955
spotify:track:7udUBZMgHJcaf7ByUr0l8a,441377a4cd194279803e5145568346ed,2024-05-18T00:41:00Z,1,,ef932ad81b6b4adabc176e4ab782e955
spotify:track:3fqwjXwUGN6vbzIwvyFMhx,441377a4cd194279803e5145568346ed,2024-05-18T00:41:00Z,2,,ef932ad81b6b4adabc176e4ab782e955
spotify:track:1DapWGOWwFA24Fg5ab6znL,441377a4cd194279803e5145568346ed,2024-05-18T00:41:00Z,3,Toes the line in the best way - 10/10 ,ef932ad81b6b4adabc176e4ab782e955
spotify:track:5bXHwZ7pl25Fbljm2bEWK6,441377a4cd194279803e5145568346ed,2024-05-18T00:41:00Z,0,Wrong category… #NellysNotCountry,ef932ad81b6b4adabc176e4ab782e955
spotify:track:3fqwjXwUGN6vbzIwvyFMhx,69e086bfb8724df7b39c6ee8f95e34e2,2024-05-18T17:43:58Z,1,,ef932ad81b6b4adabc176e4ab782e955
spotify:track:3xdjjKMcMOFgo1eQrfbogM,69e086bfb8724df7b39c6ee8f95e34e2,2024-05-18T17:43:58Z,2,,ef932ad81b6b4adabc176e4ab782e955
spotify:track:0fCwTrRNfoNk962ati8n2K,69e086bfb8724df7b39c6ee8f95e34e2,2024-05-18T17:43:58Z,3,,ef932ad81b6b4adabc176e4ab782e955
spotify:track:1WzAeadSKJhqykZFbJNmQv,3ad213877e564daa9030cedc60152a12,2024-05-18T21:41:38Z,2,,ef932ad81b6b4adabc176e4ab782e955
spotify:track:5bXHwZ7pl25Fbljm2bEWK6,3ad213877e564daa9030cedc60152a12,2024-05-18T21:41:38Z,1,,ef932ad81b6b4adabc176e4ab782e955
spotify:track:1D4PL9B8gOg78jiHg3FvBb,3ad213877e564daa9030cedc60152a12,2024-05-18T21:41:38Z,3,,ef932ad81b6b4adabc176e4ab782e955
spotify:track:1DapWGOWwFA24Fg5ab6znL,bf8d6db2ccfb47c0a5a409733e7a51bb,2024-05-19T20:11:19Z,1,kudos to finding a song from him that's quite pg13,ef932ad81b6b4adabc176e4ab782e955
spotify:track:0ZUo4YjG4saFnEJhdWp9Bt,bf8d6db2ccfb47c0a5a409733e7a51bb,2024-05-19T20:11:19Z,3,,ef932ad81b6b4adabc176e4ab782e955
spotify:track:1WzAeadSKJhqykZFbJNmQv,bf8d6db2ccfb47c0a5a409733e7a51bb,2024-05-19T20:11:19Z,2,,ef932ad81b6b4adabc176e4ab782e955
spotify:track:2SpEHTbUuebeLkgs9QB7Ue,bac41cb5b9394481a949588f4e1fe757,2024-05-19T21:28:30Z,1,,ef932ad81b6b4adabc176e4ab782e955
spotify:track:0ZUo4YjG4saFnEJhdWp9Bt,bac41cb5b9394481a949588f4e1fe757,2024-05-19T21:28:30Z,2,,ef932ad81b6b4adabc176e4ab782e955
spotify:track:2Fs18NaCDuluPG1DHGw1XG,bac41cb5b9394481a949588f4e1fe757,2024-05-19T21:28:30Z,2,,ef932ad81b6b4adabc176e4ab782e955
spotify:track:3xdjjKMcMOFgo1eQrfbogM,bac41cb5b9394481a949588f4e1fe757,2024-05-19T21:28:30Z,1,,ef932ad81b6b4adabc176e4ab782e955
spotify:track:1D4PL9B8gOg78jiHg3FvBb,0832db62ced3425bbe7aa7c1cf79c225,2024-05-20T06:55:19Z,1,,ef932ad81b6b4adabc176e4ab782e955
spotify:track:0fCwTrRNfoNk962ati8n2K,0832db62ced3425bbe7aa7c1cf79c225,2024-05-20T06:55:19Z,3,,ef932ad81b6b4adabc176e4ab782e955
spotify:track:3fqwjXwUGN6vbzIwvyFMhx,0832db62ced3425bbe7aa7c1cf79c225,2024-05-20T06:55:19Z,2,,ef932ad81b6b4adabc176e4ab782e955
spotify:track:2Fs18NaCDuluPG1DHGw1XG,f0bffd950ed749d2b6ad93422db32028,2024-05-20T07:33:58Z,2,,ef932ad81b6b4adabc176e4ab782e955
spotify:track:26QKxvjlCo2fSd3T4c8Zpb,f0bffd950ed749d2b6ad93422db32028,2024-05-20T07:33:58Z,3,,ef932ad81b6b4adabc176e4ab782e955
spotify:track:7udUBZMgHJcaf7ByUr0l8a,f0bffd950ed749d2b6ad93422db32028,2024-05-20T07:33:58Z,1,,ef932ad81b6b4adabc176e4ab782e955
spotify:track:3fqwjXwUGN6vbzIwvyFMhx,8b47375ed34b423cafdf2254e37c5aa1,2024-05-21T00:10:00Z,3,,ef932ad81b6b4adabc176e4ab782e955
spotify:track:2SpEHTbUuebeLkgs9QB7Ue,8b47375ed34b423cafdf2254e37c5aa1,2024-05-21T00:10:00Z,2,,ef932ad81b6b4adabc176e4ab782e955
spotify:track:1WzAeadSKJhqykZFbJNmQv,8b47375ed34b423cafdf2254e37c5aa1,2024-05-21T00:10:00Z,1,,ef932ad81b6b4adabc176e4ab782e955
spotify:track:3fqwjXwUGN6vbzIwvyFMhx,8fc1dc71014e405da1c76d2fc096a6d6,2024-05-21T05:46:32Z,2,,ef932ad81b6b4adabc176e4ab782e955
spotify:track:1TwLKNsCnhi1HxbIi4bAW0,8fc1dc71014e405da1c76d2fc096a6d6,2024-05-21T05:46:32Z,1,,ef932ad81b6b4adabc176e4ab782e955
spotify:track:26QKxvjlCo2fSd3T4c8Zpb,8fc1dc71014e405da1c76d2fc096a6d6,2024-05-21T05:46:32Z,3,,ef932ad81b6b4adabc176e4ab782e955
spotify:track:1DapWGOWwFA24Fg5ab6znL,77ce1c43fa95404985614bfa98bf49d0,2024-05-21T07:28:37Z,0,Have a word with yourself ,ef932ad81b6b4adabc176e4ab782e955
spotify:track:0ZUo4YjG4saFnEJhdWp9Bt,77ce1c43fa95404985614bfa98bf49d0,2024-05-21T07:28:37Z,2,,ef932ad81b6b4adabc176e4ab782e955
spotify:track:1D4PL9B8gOg78jiHg3FvBb,77ce1c43fa95404985614bfa98bf49d0,2024-05-21T07:28:37Z,1,,ef932ad81b6b4adabc176e4ab782e955
spotify:track:26QKxvjlCo2fSd3T4c8Zpb,77ce1c43fa95404985614bfa98bf49d0,2024-05-21T07:28:37Z,3,,ef932ad81b6b4adabc176e4ab782e955
spotify:track:5bXHwZ7pl25Fbljm2bEWK6,77ce1c43fa95404985614bfa98bf49d0,2024-05-21T07:28:37Z,0,Possible banishment ,ef932ad81b6b4adabc176e4ab782e955
spotify:track:2Fs18NaCDuluPG1DHGw1XG,a3856ee1b4bc4ac6acc97e4c1f52f370,2024-05-21T10:17:57Z,1,,ef932ad81b6b4adabc176e4ab782e955
spotify:track:0Z7nGFVCLfixWctgePsRk9,a3856ee1b4bc4ac6acc97e4c1f52f370,2024-05-21T10:17:57Z,1,,ef932ad81b6b4adabc176e4ab782e955
spotify:track:1WzAeadSKJhqykZFbJNmQv,a3856ee1b4bc4ac6acc97e4c1f52f370,2024-05-21T10:17:57Z,1,,ef932ad81b6b4adabc176e4ab782e955
spotify:track:3xdjjKMcMOFgo1eQrfbogM,a3856ee1b4bc4ac6acc97e4c1f52f370,2024-05-21T10:17:57Z,2,,ef932ad81b6b4adabc176e4ab782e955
spotify:track:2SpEHTbUuebeLkgs9QB7Ue,a3856ee1b4bc4ac6acc97e4c1f52f370,2024-05-21T10:17:57Z,1,,ef932ad81b6b4adabc176e4ab782e955
spotify:track:3xVZYkcuWalGudeKl861wb,f0bffd950ed749d2b6ad93422db32028,2024-05-24T13:07:56Z,2,,5c39f945153b418980b8505b8655a731
spotify:track:2fyIS6GXMgUcSv4oejx63f,f0bffd950ed749d2b6ad93422db32028,2024-05-24T13:07:56Z,1,,5c39f945153b418980b8505b8655a731
spotify:track:44aTAUBF0g6sMkMNE8I5kd,f0bffd950ed749d2b6ad93422db32028,2024-05-24T13:07:56Z,3,,5c39f945153b418980b8505b8655a731
spotify:track:0bV0jAPUTN9xdVcW0nFos2,69e086bfb8724df7b39c6ee8f95e34e2,2024-05-24T18:54:49Z,1,,5c39f945153b418980b8505b8655a731
spotify:track:1M2nd8jNUkkwrc1dgBPTJz,69e086bfb8724df7b39c6ee8f95e34e2,2024-05-24T18:54:49Z,2,,5c39f945153b418980b8505b8655a731
spotify:track:2onf2xaCKilYqxJ31zQmEx,69e086bfb8724df7b39c6ee8f95e34e2,2024-05-24T18:54:49Z,3,,5c39f945153b418980b8505b8655a731
spotify:track:1ixbwbeBi5ufN4noUKmW5a,bac41cb5b9394481a949588f4e1fe757,2024-05-24T22:33:55Z,1,,5c39f945153b418980b8505b8655a731
spotify:track:1M2nd8jNUkkwrc1dgBPTJz,bac41cb5b9394481a949588f4e1fe757,2024-05-24T22:33:55Z,1,,5c39f945153b418980b8505b8655a731
spotify:track:2K2M0TcglCRLLpFOzKeFZA,bac41cb5b9394481a949588f4e1fe757,2024-05-24T22:33:55Z,1,,5c39f945153b418980b8505b8655a731
spotify:track:312A8WfROSLvZbMDHBUPDp,bac41cb5b9394481a949588f4e1fe757,2024-05-24T22:33:55Z,1,,5c39f945153b418980b8505b8655a731
spotify:track:3RNUFPrfUVeOhd6wcKnf6z,bac41cb5b9394481a949588f4e1fe757,2024-05-24T22:33:55Z,2,,5c39f945153b418980b8505b8655a731
spotify:track:1ixbwbeBi5ufN4noUKmW5a,0832db62ced3425bbe7aa7c1cf79c225,2024-05-26T21:58:06Z,3,,5c39f945153b418980b8505b8655a731
spotify:track:3RNUFPrfUVeOhd6wcKnf6z,0832db62ced3425bbe7aa7c1cf79c225,2024-05-26T21:58:06Z,2,,5c39f945153b418980b8505b8655a731
spotify:track:6cmm1LMvZdB5zsCwX5BjqE,0832db62ced3425bbe7aa7c1cf79c225,2024-05-26T21:58:06Z,1,,5c39f945153b418980b8505b8655a731
spotify:track:0bV0jAPUTN9xdVcW0nFos2,58a07428ceb746e1ab2bb8a1c1bce7fe,2024-05-27T16:14:55Z,1,,5c39f945153b418980b8505b8655a731
spotify:track:2K2M0TcglCRLLpFOzKeFZA,58a07428ceb746e1ab2bb8a1c1bce7fe,2024-05-27T16:14:55Z,2,,5c39f945153b418980b8505b8655a731
spotify:track:44aTAUBF0g6sMkMNE8I5kd,58a07428ceb746e1ab2bb8a1c1bce7fe,2024-05-27T16:14:55Z,3,,5c39f945153b418980b8505b8655a731
spotify:track:2fyIS6GXMgUcSv4oejx63f,441377a4cd194279803e5145568346ed,2024-05-27T16:16:22Z,2,,5c39f945153b418980b8505b8655a731
spotify:track:312A8WfROSLvZbMDHBUPDp,441377a4cd194279803e5145568346ed,2024-05-27T16:16:22Z,3,,5c39f945153b418980b8505b8655a731
spotify:track:44aTAUBF0g6sMkMNE8I5kd,441377a4cd194279803e5145568346ed,2024-05-27T16:16:22Z,1,,5c39f945153b418980b8505b8655a731
spotify:track:2K2M0TcglCRLLpFOzKeFZA,bf8d6db2ccfb47c0a5a409733e7a51bb,2024-05-27T20:18:32Z,2,,5c39f945153b418980b8505b8655a731
spotify:track:2XWAPRiW50qgKBU1T7MfN7,bf8d6db2ccfb47c0a5a409733e7a51bb,2024-05-27T20:18:32Z,3,,5c39f945153b418980b8505b8655a731
spotify:track:33KJ2xFYONOlIYDBg6wPx8,bf8d6db2ccfb47c0a5a409733e7a51bb,2024-05-27T20:18:32Z,0,now that's a 2016 youtube flashback,5c39f945153b418980b8505b8655a731
spotify:track:3RtA16IFjyhtg5oW8oUBeT,bf8d6db2ccfb47c0a5a409733e7a51bb,2024-05-27T20:18:32Z,1,,5c39f945153b418980b8505b8655a731
spotify:track:3wPPWcVuinAU7dXcJXtCID,ebb25a7b909a431dbc2f15552c35dd26,2024-05-27T20:39:54Z,3,,5c39f945153b418980b8505b8655a731
spotify:track:1M2nd8jNUkkwrc1dgBPTJz,ebb25a7b909a431dbc2f15552c35dd26,2024-05-27T20:39:54Z,1,,5c39f945153b418980b8505b8655a731
spotify:track:6cmm1LMvZdB5zsCwX5BjqE,ebb25a7b909a431dbc2f15552c35dd26,2024-05-27T20:39:54Z,2,,5c39f945153b418980b8505b8655a731
spotify:track:1ixbwbeBi5ufN4noUKmW5a,86d8fd04cee8411ea81ad03e29472bc0,2024-05-28T07:46:00Z,3,,5c39f945153b418980b8505b8655a731
spotify:track:3xVZYkcuWalGudeKl861wb,86d8fd04cee8411ea81ad03e29472bc0,2024-05-28T07:46:00Z,1,,5c39f945153b418980b8505b8655a731
spotify:track:1M2nd8jNUkkwrc1dgBPTJz,86d8fd04cee8411ea81ad03e29472bc0,2024-05-28T07:46:00Z,2,,5c39f945153b418980b8505b8655a731
spotify:track:2fyIS6GXMgUcSv4oejx63f,65f3353a17ee4d3093d42837d3a84e21,2024-05-28T07:53:40Z,1,,5c39f945153b418980b8505b8655a731
spotify:track:14HIx1zYQLez1NxN9aeRkg,65f3353a17ee4d3093d42837d3a84e21,2024-05-28T07:53:40Z,2,,5c39f945153b418980b8505b8655a731
spotify:track:1FLzTxrNNgqrAEsQvHJ9Gx,65f3353a17ee4d3093d42837d3a84e21,2024-05-28T07:53:40Z,3,,5c39f945153b418980b8505b8655a731
spotify:track:0bV0jAPUTN9xdVcW0nFos2,95f0f3d2f6e84e54b527a9847c90935c,2024-05-28T08:28:06Z,3,,5c39f945153b418980b8505b8655a731
spotify:track:3wPPWcVuinAU7dXcJXtCID,95f0f3d2f6e84e54b527a9847c90935c,2024-05-28T08:28:06Z,2,,5c39f945153b418980b8505b8655a731
spotify:track:3RNUFPrfUVeOhd6wcKnf6z,95f0f3d2f6e84e54b527a9847c90935c,2024-05-28T08:28:06Z,1,,5c39f945153b418980b8505b8655a731
spotify:track:1ixbwbeBi5ufN4noUKmW5a,8fc1dc71014e405da1c76d2fc096a6d6,2024-05-28T10:24:33Z,2,,5c39f945153b418980b8505b8655a731
spotify:track:312A8WfROSLvZbMDHBUPDp,8fc1dc71014e405da1c76d2fc096a6d6,2024-05-28T10:24:33Z,1,,5c39f945153b418980b8505b8655a731
spotify:track:3wPPWcVuinAU7dXcJXtCID,8fc1dc71014e405da1c76d2fc096a6d6,2024-05-28T10:24:33Z,3,This song was a bop at the end of my uni years,5c39f945153b418980b8505b8655a731
spotify:track:2K2M0TcglCRLLpFOzKeFZA,8fc1dc71014e405da1c76d2fc096a6d6,2024-05-28T10:24:33Z,0,Jimi did it better,5c39f945153b418980b8505b8655a731
spotify:track:17N5FdRwJuv3UXQ7MHnbhF,3ad213877e564daa9030cedc60152a12,2024-05-28T12:05:37Z,1,,5c39f945153b418980b8505b8655a731
spotify:track:1FLzTxrNNgqrAEsQvHJ9Gx,3ad213877e564daa9030cedc60152a12,2024-05-28T12:05:37Z,3,,5c39f945153b418980b8505b8655a731
spotify:track:1M2nd8jNUkkwrc1dgBPTJz,3ad213877e564daa9030cedc60152a12,2024-05-28T12:05:37Z,2,,5c39f945153b418980b8505b8655a731
spotify:track:14HIx1zYQLez1NxN9aeRkg,a3856ee1b4bc4ac6acc97e4c1f52f370,2024-05-28T12:23:28Z,1,,5c39f945153b418980b8505b8655a731
spotify:track:1FLzTxrNNgqrAEsQvHJ9Gx,a3856ee1b4bc4ac6acc97e4c1f52f370,2024-05-28T12:23:28Z,1,,5c39f945153b418980b8505b8655a731
spotify:track:1ixbwbeBi5ufN4noUKmW5a,a3856ee1b4bc4ac6acc97e4c1f52f370,2024-05-28T12:23:28Z,1,,5c39f945153b418980b8505b8655a731
spotify:track:312A8WfROSLvZbMDHBUPDp,a3856ee1b4bc4ac6acc97e4c1f52f370,2024-05-28T12:23:28Z,1,,5c39f945153b418980b8505b8655a731
spotify:track:3RNUFPrfUVeOhd6wcKnf6z,a3856ee1b4bc4ac6acc97e4c1f52f370,2024-05-28T12:23:28Z,2,,5c39f945153b418980b8505b8655a731
spotify:track:14HIx1zYQLez1NxN9aeRkg,77ce1c43fa95404985614bfa98bf49d0,2024-05-28T12:59:01Z,3,,5c39f945153b418980b8505b8655a731
spotify:track:1ixbwbeBi5ufN4noUKmW5a,77ce1c43fa95404985614bfa98bf49d0,2024-05-28T12:59:01Z,2,,5c39f945153b418980b8505b8655a731
spotify:track:3RNUFPrfUVeOhd6wcKnf6z,77ce1c43fa95404985614bfa98bf49d0,2024-05-28T12:59:01Z,1,,5c39f945153b418980b8505b8655a731
spotify:track:23RoR84KodL5HWvUTneQ1w,3ad213877e564daa9030cedc60152a12,2024-05-31T19:02:12Z,1,no guilt should be felt listening to this,0e8e9234a2504392bfb764a2f4592534
spotify:track:1dzQoRqT5ucxXVaAhTcT0J,3ad213877e564daa9030cedc60152a12,2024-05-31T19:02:12Z,3,,0e8e9234a2504392bfb764a2f4592534
spotify:track:2c3sKqWYVJ0NsE3elgRhKH,3ad213877e564daa9030cedc60152a12,2024-05-31T19:02:12Z,2,,0e8e9234a2504392bfb764a2f4592534
spotify:track:1dzQoRqT5ucxXVaAhTcT0J,58a07428ceb746e1ab2bb8a1c1bce7fe,2024-06-03T07:28:07Z,1,,0e8e9234a2504392bfb764a2f4592534
spotify:track:3iCNWfTDryCWydzD3C00v2,58a07428ceb746e1ab2bb8a1c1bce7fe,2024-06-03T07:28:07Z,3,,0e8e9234a2504392bfb764a2f4592534
spotify:track:5YJtMNWKe55yr49cyJgxva,58a07428ceb746e1ab2bb8a1c1bce7fe,2024-06-03T07:28:07Z,2,,0e8e9234a2504392bfb764a2f4592534
spotify:track:2c3sKqWYVJ0NsE3elgRhKH,f0bffd950ed749d2b6ad93422db32028,2024-06-03T13:13:09Z,1,,0e8e9234a2504392bfb764a2f4592534
spotify:track:6I9VzXrHxO9rA9A5euc8Ak,f0bffd950ed749d2b6ad93422db32028,2024-06-03T13:13:09Z,2,,0e8e9234a2504392bfb764a2f4592534
spotify:track:75IQVo8hqI1iwVZyvkN2VT,f0bffd950ed749d2b6ad93422db32028,2024-06-03T13:13:09Z,3,,0e8e9234a2504392bfb764a2f4592534
spotify:track:23RoR84KodL5HWvUTneQ1w,bf8d6db2ccfb47c0a5a409733e7a51bb,2024-06-04T01:09:43Z,1,,0e8e9234a2504392bfb764a2f4592534
spotify:track:2c3sKqWYVJ0NsE3elgRhKH,bf8d6db2ccfb47c0a5a409733e7a51bb,2024-06-04T01:09:43Z,3,,0e8e9234a2504392bfb764a2f4592534
spotify:track:4Zfq7r0v4FKeoxwhyLYSyb,bf8d6db2ccfb47c0a5a409733e7a51bb,2024-06-04T01:09:43Z,2,,0e8e9234a2504392bfb764a2f4592534
spotify:track:5YJtMNWKe55yr49cyJgxva,441377a4cd194279803e5145568346ed,2024-06-04T07:57:52Z,3,,0e8e9234a2504392bfb764a2f4592534
spotify:track:5yYmOhkbG3TlmllqTvQem5,441377a4cd194279803e5145568346ed,2024-06-04T07:57:52Z,1,,0e8e9234a2504392bfb764a2f4592534
spotify:track:6I9VzXrHxO9rA9A5euc8Ak,441377a4cd194279803e5145568346ed,2024-06-04T07:57:52Z,2,,0e8e9234a2504392bfb764a2f4592534
spotify:track:2c3sKqWYVJ0NsE3elgRhKH,65f3353a17ee4d3093d42837d3a84e21,2024-06-04T08:06:59Z,1,,0e8e9234a2504392bfb764a2f4592534
spotify:track:3pvOdS9kIz3LL0UoRVsabS,65f3353a17ee4d3093d42837d3a84e21,2024-06-04T08:06:59Z,3,,0e8e9234a2504392bfb764a2f4592534
spotify:track:7t0u2dbZoby5Y6yWXY2zYG,65f3353a17ee4d3093d42837d3a84e21,2024-06-04T08:06:59Z,0,I managed a second of listening to this,0e8e9234a2504392bfb764a2f4592534
spotify:track:3iCNWfTDryCWydzD3C00v2,65f3353a17ee4d3093d42837d3a84e21,2024-06-04T08:06:59Z,2,,0e8e9234a2504392bfb764a2f4592534
spotify:track:3pvOdS9kIz3LL0UoRVsabS,6fdaac9000ff4741bfbde8fee25272be,2024-06-04T08:07:18Z,2,,0e8e9234a2504392bfb764a2f4592534
spotify:track:3iCNWfTDryCWydzD3C00v2,6fdaac9000ff4741bfbde8fee25272be,2024-06-04T08:07:18Z,2,,0e8e9234a2504392bfb764a2f4592534
spotify:track:5T7ywazdGIydr6JCW6t02j,6fdaac9000ff4741bfbde8fee25272be,2024-06-04T08:07:18Z,2,,0e8e9234a2504392bfb764a2f4592534
spotify:track:1dzQoRqT5ucxXVaAhTcT0J,7b91d7e5ed6d4471b9e7f7be669593c5,2024-06-04T08:12:39Z,1,,0e8e9234a2504392bfb764a2f4592534
spotify:track:3iCNWfTDryCWydzD3C00v2,7b91d7e5ed6d4471b9e7f7be669593c5,2024-06-04T08:12:39Z,2,,0e8e9234a2504392bfb764a2f4592534
spotify:track:4Zfq7r0v4FKeoxwhyLYSyb,7b91d7e5ed6d4471b9e7f7be669593c5,2024-06-04T08:12:39Z,3,,0e8e9234a2504392bfb764a2f4592534
spotify:track:3iCNWfTDryCWydzD3C00v2,0832db62ced3425bbe7aa7c1cf79c225,2024-06-04T08:13:00Z,2,,0e8e9234a2504392bfb764a2f4592534
spotify:track:5yYmOhkbG3TlmllqTvQem5,0832db62ced3425bbe7aa7c1cf79c225,2024-06-04T08:13:00Z,3,,0e8e9234a2504392bfb764a2f4592534
spotify:track:7wuJGgpTNzbUyn26IOY6rj,0832db62ced3425bbe7aa7c1cf79c225,2024-06-04T08:13:00Z,1,,0e8e9234a2504392bfb764a2f4592534
spotify:track:2c3sKqWYVJ0NsE3elgRhKH,bac41cb5b9394481a949588f4e1fe757,2024-06-04T08:15:28Z,1,,0e8e9234a2504392bfb764a2f4592534
spotify:track:1dzQoRqT5ucxXVaAhTcT0J,bac41cb5b9394481a949588f4e1fe757,2024-06-04T08:15:28Z,3,,0e8e9234a2504392bfb764a2f4592534
spotify:track:6I9VzXrHxO9rA9A5euc8Ak,bac41cb5b9394481a949588f4e1fe757,2024-06-04T08:15:28Z,2,,0e8e9234a2504392bfb764a2f4592534
spotify:track:2c3sKqWYVJ0NsE3elgRhKH,95f0f3d2f6e84e54b527a9847c90935c,2024-06-04T08:15:30Z,1,,0e8e9234a2504392bfb764a2f4592534
spotify:track:1dzQoRqT5ucxXVaAhTcT0J,95f0f3d2f6e84e54b527a9847c90935c,2024-06-04T08:15:30Z,3,,0e8e9234a2504392bfb764a2f4592534
spotify:track:5T7ywazdGIydr6JCW6t02j,95f0f3d2f6e84e54b527a9847c90935c,2024-06-04T08:15:30Z,2,,0e8e9234a2504392bfb764a2f4592534
spotify:track:5YJtMNWKe55yr49cyJgxva,a3856ee1b4bc4ac6acc97e4c1f52f370,2024-06-04T08:27:50Z,2,,0e8e9234a2504392bfb764a2f4592534
spotify:track:7wuJGgpTNzbUyn26IOY6rj,a3856ee1b4bc4ac6acc97e4c1f52f370,2024-06-04T08:27:50Z,1,,0e8e9234a2504392bfb764a2f4592534
spotify:track:3pvOdS9kIz3LL0UoRVsabS,a3856ee1b4bc4ac6acc97e4c1f52f370,2024-06-04T08:27:50Z,1,,0e8e9234a2504392bfb764a2f4592534
spotify:track:1dzQoRqT5ucxXVaAhTcT0J,a3856ee1b4bc4ac6acc97e4c1f52f370,2024-06-04T08:27:50Z,1,,0e8e9234a2504392bfb764a2f4592534
spotify:track:2c3sKqWYVJ0NsE3elgRhKH,a3856ee1b4bc4ac6acc97e4c1f52f370,2024-06-04T08:27:50Z,1,,0e8e9234a2504392bfb764a2f4592534
spotify:track:2c3sKqWYVJ0NsE3elgRhKH,ebb25a7b909a431dbc2f15552c35dd26,2024-06-04T11:48:55Z,3,,0e8e9234a2504392bfb764a2f4592534
spotify:track:3pvOdS9kIz3LL0UoRVsabS,ebb25a7b909a431dbc2f15552c35dd26,2024-06-04T11:48:55Z,2,,0e8e9234a2504392bfb764a2f4592534
spotify:track:5YJtMNWKe55yr49cyJgxva,ebb25a7b909a431dbc2f15552c35dd26,2024-06-04T11:48:55Z,1,,0e8e9234a2504392bfb764a2f4592534
spotify:track:7lMIJ4EFWRVoAIPDpeGyM3,ebb25a7b909a431dbc2f15552c35dd26,2024-06-07T19:08:15Z,1,,ec25df9b8f4b49b4ba4854659def644b
spotify:track:1qDrWA6lyx8cLECdZE7TV7,ebb25a7b909a431dbc2f15552c35dd26,2024-06-07T19:08:15Z,3,,ec25df9b8f4b49b4ba4854659def644b
spotify:track:34nxgXFCPzDphUJGuRsn10,ebb25a7b909a431dbc2f15552c35dd26,2024-06-07T19:08:15Z,2,,ec25df9b8f4b49b4ba4854659def644b
spotify:track:6x4tKaOzfNJpEJHySoiJcs,3ad213877e564daa9030cedc60152a12,2024-06-08T19:26:58Z,1,,ec25df9b8f4b49b4ba4854659def644b
spotify:track:1qDrWA6lyx8cLECdZE7TV7,3ad213877e564daa9030cedc60152a12,2024-06-08T19:26:58Z,2,,ec25df9b8f4b49b4ba4854659def644b
spotify:track:1IqANTbvKLojRoomq685LA,3ad213877e564daa9030cedc60152a12,2024-06-08T19:26:58Z,3,,ec25df9b8f4b49b4ba4854659def644b
spotify:track:0BBOLOV5JntPL3341swIre,3ad213877e564daa9030cedc60152a12,2024-06-08T19:26:58Z,0,i’m ,ec25df9b8f4b49b4ba4854659def644b
spotify:track:4bJygwUKrRgq1stlNXcgMg,0832db62ced3425bbe7aa7c1cf79c225,2024-06-09T09:11:41Z,1,,ec25df9b8f4b49b4ba4854659def644b
spotify:track:2He3NOyqtLNE3RQPpeDdSb,0832db62ced3425bbe7aa7c1cf79c225,2024-06-09T09:11:41Z,2,,ec25df9b8f4b49b4ba4854659def644b
spotify:track:1HOMkjp0nHMaTnfAkslCQj,0832db62ced3425bbe7aa7c1cf79c225,2024-06-09T09:11:41Z,3,,ec25df9b8f4b49b4ba4854659def644b
spotify:track:7vFoFDWqTX0mHzLfrF1Cfy,95f0f3d2f6e84e54b527a9847c90935c,2024-06-10T08:30:55Z,2,,ec25df9b8f4b49b4ba4854659def644b
spotify:track:34nxgXFCPzDphUJGuRsn10,95f0f3d2f6e84e54b527a9847c90935c,2024-06-10T08:30:55Z,1,,ec25df9b8f4b49b4ba4854659def644b
spotify:track:0BBOLOV5JntPL3341swIre,95f0f3d2f6e84e54b527a9847c90935c,2024-06-10T08:30:55Z,3,,ec25df9b8f4b49b4ba4854659def644b
spotify:track:0BBOLOV5JntPL3341swIre,7b91d7e5ed6d4471b9e7f7be669593c5,2024-06-10T10:38:22Z,3,,ec25df9b8f4b49b4ba4854659def644b
spotify:track:0Bo5fjMtTfCD8vHGebivqc,7b91d7e5ed6d4471b9e7f7be669593c5,2024-06-10T10:38:22Z,1,,ec25df9b8f4b49b4ba4854659def644b
spotify:track:2He3NOyqtLNE3RQPpeDdSb,7b91d7e5ed6d4471b9e7f7be669593c5,2024-06-10T10:38:22Z,2,,ec25df9b8f4b49b4ba4854659def644b
spotify:track:0Bo5fjMtTfCD8vHGebivqc,f0bffd950ed749d2b6ad93422db32028,2024-06-10T15:11:11Z,3,,ec25df9b8f4b49b4ba4854659def644b
spotify:track:5ZrDlcxIDZyjOzHdYW1ydr,f0bffd950ed749d2b6ad93422db32028,2024-06-10T15:11:11Z,2,,ec25df9b8f4b49b4ba4854659def644b
spotify:track:1qDrWA6lyx8cLECdZE7TV7,f0bffd950ed749d2b6ad93422db32028,2024-06-10T15:11:11Z,1,,ec25df9b8f4b49b4ba4854659def644b
spotify:track:2He3NOyqtLNE3RQPpeDdSb,bf8d6db2ccfb47c0a5a409733e7a51bb,2024-06-10T17:15:04Z,2,,ec25df9b8f4b49b4ba4854659def644b
spotify:track:5ZrDlcxIDZyjOzHdYW1ydr,bf8d6db2ccfb47c0a5a409733e7a51bb,2024-06-10T17:15:04Z,1,,ec25df9b8f4b49b4ba4854659def644b
spotify:track:6x4tKaOzfNJpEJHySoiJcs,bf8d6db2ccfb47c0a5a409733e7a51bb,2024-06-10T17:15:04Z,3,,ec25df9b8f4b49b4ba4854659def644b
spotify:track:305WCRhhS10XUcH6AEwZk6,65f3353a17ee4d3093d42837d3a84e21,2024-06-11T07:51:26Z,2,,ec25df9b8f4b49b4ba4854659def644b
spotify:track:1IqANTbvKLojRoomq685LA,65f3353a17ee4d3093d42837d3a84e21,2024-06-11T07:51:26Z,3,,ec25df9b8f4b49b4ba4854659def644b
spotify:track:0BBOLOV5JntPL3341swIre,65f3353a17ee4d3093d42837d3a84e21,2024-06-11T07:51:26Z,1,,ec25df9b8f4b49b4ba4854659def644b
spotify:track:2He3NOyqtLNE3RQPpeDdSb,441377a4cd194279803e5145568346ed,2024-06-11T07:57:23Z,2,,ec25df9b8f4b49b4ba4854659def644b
spotify:track:7lMIJ4EFWRVoAIPDpeGyM3,441377a4cd194279803e5145568346ed,2024-06-11T07:57:23Z,1,,ec25df9b8f4b49b4ba4854659def644b
spotify:track:1qDrWA6lyx8cLECdZE7TV7,441377a4cd194279803e5145568346ed,2024-06-11T07:57:23Z,3,,ec25df9b8f4b49b4ba4854659def644b
spotify:track:1IqANTbvKLojRoomq685LA,66f8278aaa894287b07040396a0e3fa2,2024-06-11T08:05:39Z,3,,ec25df9b8f4b49b4ba4854659def644b
spotify:track:6x4tKaOzfNJpEJHySoiJcs,66f8278aaa894287b07040396a0e3fa2,2024-06-11T08:05:39Z,1,,ec25df9b8f4b49b4ba4854659def644b
spotify:track:7vFoFDWqTX0mHzLfrF1Cfy,66f8278aaa894287b07040396a0e3fa2,2024-06-11T08:05:39Z,2,,ec25df9b8f4b49b4ba4854659def644b
spotify:track:1puEUilaw5RSbi3AYnkF8K,a3856ee1b4bc4ac6acc97e4c1f52f370,2024-06-11T08:21:45Z,2,,ec25df9b8f4b49b4ba4854659def644b
spotify:track:1HOMkjp0nHMaTnfAkslCQj,a3856ee1b4bc4ac6acc97e4c1f52f370,2024-06-11T08:21:45Z,2,,ec25df9b8f4b49b4ba4854659def644b
spotify:track:1qDrWA6lyx8cLECdZE7TV7,a3856ee1b4bc4ac6acc97e4c1f52f370,2024-06-11T08:21:45Z,2,,ec25df9b8f4b49b4ba4854659def644b
spotify:track:1H5tvpoApNDxvxDexoaAUo,9bb5de166c84417f9eac1ab83cde51a3,2024-06-11T10:43:26Z,1,,ec25df9b8f4b49b4ba4854659def644b
spotify:track:6x4tKaOzfNJpEJHySoiJcs,9bb5de166c84417f9eac1ab83cde51a3,2024-06-11T10:43:26Z,2,,ec25df9b8f4b49b4ba4854659def644b
spotify:track:5ZrDlcxIDZyjOzHdYW1ydr,9bb5de166c84417f9eac1ab83cde51a3,2024-06-11T10:43:26Z,3,,ec25df9b8f4b49b4ba4854659def644b
spotify:track:1qDrWA6lyx8cLECdZE7TV7,58a07428ceb746e1ab2bb8a1c1bce7fe,2024-06-12T10:16:46Z,3,,ec25df9b8f4b49b4ba4854659def644b
spotify:track:305WCRhhS10XUcH6AEwZk6,58a07428ceb746e1ab2bb8a1c1bce7fe,2024-06-12T10:16:46Z,1,,ec25df9b8f4b49b4ba4854659def644b
spotify:track:4bJygwUKrRgq1stlNXcgMg,58a07428ceb746e1ab2bb8a1c1bce7fe,2024-06-12T10:16:46Z,2,,ec25df9b8f4b49b4ba4854659def644b
spotify:track:5HmwYfynpGAjgrj4bp9eMy,58a07428ceb746e1ab2bb8a1c1bce7fe,2024-06-12T10:16:46Z,0,Just picturing Rishi Sunak in the rain ,ec25df9b8f4b49b4ba4854659def644b
spotify:track:305WCRhhS10XUcH6AEwZk6,69e086bfb8724df7b39c6ee8f95e34e2,2024-06-13T07:49:22Z,1,,ec25df9b8f4b49b4ba4854659def644b
spotify:track:6x4tKaOzfNJpEJHySoiJcs,69e086bfb8724df7b39c6ee8f95e34e2,2024-06-13T07:49:22Z,2,,ec25df9b8f4b49b4ba4854659def644b
spotify:track:7lMIJ4EFWRVoAIPDpeGyM3,69e086bfb8724df7b39c6ee8f95e34e2,2024-06-13T07:49:22Z,3,,ec25df9b8f4b49b4ba4854659def644b
spotify:track:1qDrWA6lyx8cLECdZE7TV7,8b47375ed34b423cafdf2254e37c5aa1,2024-06-13T11:36:17Z,3,legendary,ec25df9b8f4b49b4ba4854659def644b
spotify:track:2He3NOyqtLNE3RQPpeDdSb,8b47375ed34b423cafdf2254e37c5aa1,2024-06-13T11:36:17Z,2,,ec25df9b8f4b49b4ba4854659def644b
spotify:track:305WCRhhS10XUcH6AEwZk6,8b47375ed34b423cafdf2254e37c5aa1,2024-06-13T11:36:17Z,1,,ec25df9b8f4b49b4ba4854659def644b
spotify:track:5HmwYfynpGAjgrj4bp9eMy,bac41cb5b9394481a949588f4e1fe757,2024-06-14T11:36:29Z,3,Top draw,ec25df9b8f4b49b4ba4854659def644b
spotify:track:4bJygwUKrRgq1stlNXcgMg,bac41cb5b9394481a949588f4e1fe757,2024-06-14T11:36:29Z,2,,ec25df9b8f4b49b4ba4854659def644b
spotify:track:2He3NOyqtLNE3RQPpeDdSb,bac41cb5b9394481a949588f4e1fe757,2024-06-14T11:36:29Z,1,,ec25df9b8f4b49b4ba4854659def644b
